u,s,e,r,I,d,x
u,s,e,r,I,d
u,s,e,r,P,w,d
g,e,n,d,e,r
n,a,m,e
b,i,r,t,h,d,a,y
e,m,a,i,l
p,h,o,n,e,N,u,m,b,e,r
s,c,h,o,o,l
j,o,b
m,a,j,o,r
i,s,B,l,o,c,k,e,d
c,r,e,a,t,e,d,A,t
u,p,d,a,t,e,d,A,t
i,s,D,e,l,e,t,e,d
l,e,v,e,l
g,o,a,l,l,e,v,e,l
s,t,a,r,t,d,a,t,e
e,n,d,d,a,t,e
n,u,m,l,e,c
p,r,i,c,e
l,a,n,g
6,Margaret,Margaret,M,Margaret,1987-11-10,x5aylj@gmail.com,01011887666,jxhkji Univ,N,N,,,,,5,5,2021-12-10,2021-11-06,2,330811,ko
7,Ida,Ida,M,Ida,2006-06-12,zrfx7k@gmail.com,01073475459,qcfseo Univ,D,N,,,,,0,1,2022-04-24,2021-06-17,1,821091,ko
8,Alice,Alice,F,Alice,2017-08-01,hqcxo9@gmail.com,01022914232,dpbkfz Univ,N,Y,,,,,3,3,2022-03-26,2021-10-03,0,534609,en
9,Bertha,Bertha,M,Bertha,1970-05-25,ze661d@gmail.com,01081010387,yihhov Univ,N,N,,,,,1,3,2023-01-31,2021-03-29,1,184331,ko
10,Sarah,Sarah,M,Sarah,1995-01-03,xw1g2x@gmail.com,01054790969,ipivzt Univ,D,N,,,,,5,5,2022-01-04,2021-04-29,5,309489,ko
11,Annie,Annie,M,Annie,1969-12-04,rjrtin@gmail.com,01070990921,qnvhtc Univ,S,Y,,,,,3,3,2021-03-06,2022-05-04,5,211746,ko
12,Clara,Clara,F,Clara,2014-01-25,5b22ov@gmail.com,01019185567,rlvpby Univ,N,Y,,,,,1,4,2021-08-15,2022-04-07,5,881014,ko
13,Ella,Ella,F,Ella,2013-08-07,4csvgg@gmail.com,01025929752,pxwret Univ,N,Y,,,,,4,5,2021-07-26,2021-02-14,2,832390,ko
14,Florence,Florence,F,Florence,2001-10-13,55zmxb@gmail.com,01031177132,oibirs Univ,D,N,,,,,0,1,2021-08-31,2021-08-25,0,19009,en
15,Cora,Cora,M,Cora,2000-12-28,a4q92g@gmail.com,01049603775,spnacj Univ,D,N,,,,,0,1,2022-08-16,2021-08-11,1,889022,ko
16,Martha,Martha,F,Martha,1969-01-18,v4mtw2@gmail.com,01054925003,jnojse Univ,S,N,,,,,5,5,2021-06-19,2022-09-28,0,615626,ko
17,Laura,Laura,F,Laura,1989-04-02,grt4xd@gmail.com,01068805708,jynnqa Univ,N,Y,,,,,4,5,2022-11-17,2021-05-24,4,136652,en
18,Nellie,Nellie,F,Nellie,1979-03-29,adw752@gmail.com,01045231011,biqnai Univ,D,Y,,,,,1,5,2021-02-13,2023-01-13,0,999996,ko
19,Grace,Grace,F,Grace,1998-02-17,luj7s8@gmail.com,01044354384,tckequ Univ,S,Y,,,,,0,1,2022-06-15,2021-06-22,4,109401,en
20,Carrie,Carrie,M,Carrie,2012-05-22,5smefi@gmail.com,01093549135,tfmhzg Univ,N,Y,,,,,2,4,2021-02-24,2022-11-26,4,925566,ko
21,Maude,Maude,F,Maude,1981-09-12,8s8e6b@gmail.com,01065881936,lrfdnf Univ,N,Y,,,,,1,2,2023-03-31,2021-01-20,5,698914,ko
22,Mabel,Mabel,M,Mabel,1985-06-30,hh4voi@gmail.com,01060176743,dodojd Univ,S,Y,,,,,2,5,2022-05-19,2021-10-20,4,410548,ko
23,Bessie,Bessie,M,Bessie,1989-11-08,1ad6xt@gmail.com,01084256257,zrkqfc Univ,N,Y,,,,,2,2,2022-05-30,2021-04-12,4,532576,ko
24,Jennie,Jennie,M,Jennie,1960-01-22,t3hm9q@gmail.com,01037842781,hrkgxf Univ,N,N,,,,,5,5,2022-12-01,2021-01-12,4,119341,en
25,Gertrude,Gertrude,F,Gertrude,1965-08-23,g5b2rv@gmail.com,01098153606,lkmdrq Univ,S,N,,,,,2,5,2022-04-26,2021-04-06,0,793171,ko
26,Julia,Julia,F,Julia,1972-09-03,lsyumr@gmail.com,01034469182,djztno Univ,S,Y,,,,,1,1,2021-10-22,2022-01-14,0,135564,ko
27,Hattie,Hattie,M,Hattie,1978-09-16,ddsff0@gmail.com,01035164052,rpnfhb Univ,N,N,,,,,2,2,2022-01-22,2022-03-10,4,709874,ko
28,Edith,Edith,F,Edith,2007-10-27,ciafjf@gmail.com,01095002399,dlcyev Univ,D,N,,,,,4,5,2022-12-26,2021-04-14,0,790835,en
29,Mattie,Mattie,M,Mattie,1977-04-05,03dt5x@gmail.com,01074280839,ftniez Univ,N,N,,,,,0,5,2021-08-10,2022-06-27,5,741642,en
30,Rose,Rose,F,Rose,2011-10-11,jhij4j@gmail.com,01015351077,jzjrsu Univ,D,Y,,,,,4,5,2021-05-30,2022-11-10,3,317292,en
31,Catherine,Catherine,F,Catherine,1984-07-17,rpgfzv@gmail.com,01032166011,xktxpp Univ,D,N,,,,,4,5,2022-02-24,2021-09-23,2,377157,en
32,Lillian,Lillian,M,Lillian,1975-11-19,697ejk@gmail.com,01074867002,lorgal Univ,D,N,,,,,1,5,2022-06-07,2021-05-18,5,165180,en
33,Ada,Ada,F,Ada,1996-02-22,n2tbo4@gmail.com,01062551674,yqvtuh Univ,D,N,,,,,4,5,2021-06-21,2021-03-27,1,282001,en
34,Lillie,Lillie,M,Lillie,2009-04-08,nxm7ra@gmail.com,01031395278,sadoqx Univ,D,N,,,,,4,4,2022-12-26,2021-02-03,4,820708,en
35,Helen,Helen,M,Helen,2002-05-02,gfmqdj@gmail.com,01057638306,drzirm Univ,S,Y,,,,,2,2,2021-07-18,2022-04-07,4,572994,ko
36,Jessie,Jessie,F,Jessie,1989-02-20,aolp3h@gmail.com,01082363175,tohktf Univ,D,N,,,,,0,0,2023-03-10,2021-01-02,4,150482,en
37,Louise,Louise,F,Louise,1983-03-24,zlgiyq@gmail.com,01088972598,tyzrnn Univ,N,Y,,,,,1,2,2021-12-04,2021-02-11,0,979004,en
38,Ethel,Ethel,M,Ethel,1995-05-12,9fgnve@gmail.com,01048394125,mivhiy Univ,S,N,,,,,5,5,2021-12-27,2021-05-22,2,787023,ko
39,Lula,Lula,M,Lula,2003-10-09,31y4r3@gmail.com,01032364606,cbszzi Univ,N,N,,,,,4,5,2021-01-09,2022-11-02,5,688167,en
40,Myrtle,Myrtle,F,Myrtle,2018-04-14,lryztv@gmail.com,01059727009,sepeap Univ,S,Y,,,,,1,2,2021-04-29,2021-01-09,1,897202,en
41,Eva,Eva,F,Eva,1973-03-24,6bz1su@gmail.com,01019679321,nanlfp Univ,N,Y,,,,,3,4,2023-01-13,2021-01-26,3,877776,en
42,Frances,Frances,F,Frances,2018-12-10,di7gfm@gmail.com,01012052253,ysiwvz Univ,S,N,,,,,4,5,2021-12-05,2021-09-18,0,701656,ko
43,Lena,Lena,M,Lena,1994-02-16,9m3lvu@gmail.com,01066342474,auvdop Univ,D,Y,,,,,4,4,2021-11-28,2021-05-31,4,104920,en
44,Lucy,Lucy,F,Lucy,2007-05-11,fgqhww@gmail.com,01019705255,gdolfn Univ,S,N,,,,,0,3,2022-11-25,2021-01-19,2,149745,en
45,Edna,Edna,M,Edna,2020-01-02,62ucht@gmail.com,01049598743,frsgwa Univ,N,N,,,,,4,4,2021-01-26,2023-03-11,4,375628,en
46,Maggie,Maggie,F,Maggie,1989-12-31,z4fb9e@gmail.com,01092636777,mlyiot Univ,N,Y,,,,,3,5,2022-09-04,2021-01-23,5,50574,ko
47,Pearl,Pearl,M,Pearl,1966-01-19,c1c66t@gmail.com,01069319255,ofcwpb Univ,N,Y,,,,,5,5,2022-06-11,2021-10-24,4,232338,ko
48,Daisy,Daisy,M,Daisy,2013-09-17,wqe6p3@gmail.com,01038135253,xirppc Univ,D,N,,,,,4,5,2021-02-15,2021-07-25,1,948258,ko
49,Fannie,Fannie,F,Fannie,2010-02-09,43a4kb@gmail.com,01067469681,dttbjl Univ,N,N,,,,,3,5,2021-07-09,2021-10-26,5,345856,en
50,Josephine,Josephine,F,Josephine,1992-08-26,4fd2us@gmail.com,01094710594,rmvedx Univ,S,N,,,,,2,2,2021-07-02,2021-06-07,1,723229,ko
51,Dora,Dora,F,Dora,1991-12-17,9t2nq8@gmail.com,01019117838,pgpqci Univ,S,N,,,,,0,1,2021-09-12,2021-02-22,4,720138,ko
52,Rosa,Rosa,M,Rosa,1980-01-02,s6oozc@gmail.com,01047715230,dxsqfv Univ,D,Y,,,,,3,3,2021-04-09,2022-08-09,3,479755,en
53,Katherine,Katherine,F,Katherine,1989-04-22,i00hgn@gmail.com,01046978094,zuklzq Univ,D,N,,,,,2,2,2021-02-08,2021-06-29,2,617928,ko
54,Agnes,Agnes,M,Agnes,2011-12-18,i008tz@gmail.com,01021618927,hsghwc Univ,S,Y,,,,,5,5,2022-03-11,2021-04-11,4,948051,en
55,Marie,Marie,M,Marie,2016-10-04,4yavh9@gmail.com,01068721481,ebjgsf Univ,S,N,,,,,0,0,2022-04-18,2021-03-23,1,517751,en
56,Nora,Nora,M,Nora,2007-11-06,luv4ka@gmail.com,01023211924,zaurnr Univ,N,N,,,,,0,0,2021-11-07,2021-08-20,3,836427,en
57,May,May,F,May,1992-09-20,ue1sbn@gmail.com,01087720425,msobuq Univ,N,N,,,,,3,4,2022-03-26,2021-04-30,1,153816,ko
58,Mamie,Mamie,M,Mamie,1989-02-19,lnqo2i@gmail.com,01020832307,qtxbzh Univ,N,N,,,,,2,2,2021-03-26,2023-01-05,0,352387,ko
59,Blanche,Blanche,M,Blanche,1960-11-06,d788hc@gmail.com,01031804930,noopfz Univ,N,N,,,,,5,5,2022-12-19,2021-04-07,2,370515,en
60,Stella,Stella,M,Stella,1972-11-27,b0ms2s@gmail.com,01089393052,rvpmje Univ,N,N,,,,,2,3,2022-08-28,2021-08-17,5,421908,ko
61,Ellen,Ellen,F,Ellen,1972-05-06,23zbt3@gmail.com,01063484722,uymulb Univ,N,N,,,,,3,4,2022-11-22,2021-01-15,2,143165,ko
62,Nancy,Nancy,F,Nancy,1995-06-07,90eyjr@gmail.com,01077868605,tdowye Univ,N,Y,,,,,5,5,2021-05-17,2021-12-04,2,4864,en
63,Effie,Effie,F,Effie,2014-07-28,k5m8ul@gmail.com,01069992543,ambqwn Univ,S,N,,,,,4,4,2022-02-09,2021-09-02,4,19825,ko
64,Sallie,Sallie,M,Sallie,2019-04-27,294hvh@gmail.com,01032081361,ugfito Univ,N,N,,,,,5,5,2022-04-14,2021-02-05,3,816118,en
65,Nettie,Nettie,M,Nettie,2011-09-18,go6myi@gmail.com,01054872583,litebu Univ,N,N,,,,,5,5,2021-03-17,2021-03-11,5,759039,en
66,Della,Della,F,Della,1994-11-27,r2y82e@gmail.com,01011856284,ypstfw Univ,N,N,,,,,5,5,2022-09-03,2021-04-26,1,375281,en
67,Lizzie,Lizzie,M,Lizzie,1999-03-17,ugjk7e@gmail.com,01047269199,zbflfx Univ,N,N,,,,,3,3,2022-10-28,2021-05-01,2,706814,ko
68,Flora,Flora,F,Flora,1979-04-09,14gk4n@gmail.com,01015035662,jnfgyx Univ,D,N,,,,,4,5,2021-08-13,2022-02-07,4,789496,ko
69,Susie,Susie,M,Susie,1982-09-11,ogsxsi@gmail.com,01029651458,cbjlla Univ,S,N,,,,,3,4,2021-02-28,2021-05-30,1,117716,ko
70,Maud,Maud,M,Maud,1989-06-29,ecbors@gmail.com,01054016964,lddxkp Univ,D,Y,,,,,5,5,2022-06-10,2021-07-21,1,809074,ko
71,Mae,Mae,M,Mae,2002-06-26,gx104f@gmail.com,01078706578,dlqosk Univ,N,Y,,,,,4,5,2021-03-23,2021-12-04,4,275052,en
72,Etta,Etta,M,Etta,2018-01-04,fsvjfg@gmail.com,01046516400,lucmaz Univ,S,N,,,,,1,5,2023-01-22,2021-01-08,2,306503,en
73,Harriet,Harriet,F,Harriet,2009-04-26,cwxrna@gmail.com,01027203249,pxeuhf Univ,D,N,,,,,0,4,2022-12-26,2021-04-24,0,889748,ko
74,Sadie,Sadie,M,Sadie,1992-05-14,sabuj9@gmail.com,01032809932,navvvx Univ,D,Y,,,,,2,4,2022-07-26,2021-08-07,4,248923,ko
75,Caroline,Caroline,F,Caroline,1984-07-29,j80oo8@gmail.com,01023290372,cjhldz Univ,N,Y,,,,,3,3,2021-02-05,2021-08-25,2,315761,en
76,Katie,Katie,F,Katie,1980-08-10,2e9t5z@gmail.com,01016114220,jjwiul Univ,N,N,,,,,5,5,2022-08-29,2021-07-30,3,119098,en
77,Lydia,Lydia,M,Lydia,1978-05-07,a9gh7v@gmail.com,01099203908,ywukmw Univ,D,Y,,,,,0,3,2022-04-27,2021-07-21,3,767938,ko
78,Elsie,Elsie,M,Elsie,1984-02-06,d3jnzx@gmail.com,01028420098,womykf Univ,S,Y,,,,,2,4,2022-02-15,2021-09-17,1,691719,en
79,Kate,Kate,F,Kate,2015-12-25,kpswoh@gmail.com,01020981006,hkylyx Univ,N,N,,,,,0,5,2022-11-25,2021-05-07,3,833945,en
80,Susan,Susan,M,Susan,1986-02-17,rfh4zj@gmail.com,01011269559,sldtxa Univ,S,Y,,,,,2,5,2022-03-24,2022-01-16,2,362559,en
81,Mollie,Mollie,M,Mollie,1996-01-05,ukghud@gmail.com,01050752770,hakqqk Univ,N,Y,,,,,5,5,2022-08-16,2021-01-20,2,937636,ko
82,Alma,Alma,M,Alma,2000-04-22,8dw3vv@gmail.com,01051575608,cvwhzy Univ,N,Y,,,,,2,5,2021-11-16,2021-10-16,1,769276,en
83,Addie,Addie,M,Addie,1964-06-22,n1hh6s@gmail.com,01035852946,guhuwj Univ,D,Y,,,,,3,5,2022-07-03,2021-01-09,4,759416,ko
84,Georgia,Georgia,F,Georgia,2014-05-14,dihdi5@gmail.com,01039540982,udnvmn Univ,D,N,,,,,4,5,2023-03-05,2021-02-14,4,735779,en
85,Eliza,Eliza,M,Eliza,2005-04-11,q7ge20@gmail.com,01032569228,wbmkax Univ,N,N,,,,,4,5,2021-05-05,2022-10-31,1,884868,ko
86,Lulu,Lulu,M,Lulu,1976-03-17,64qcg9@gmail.com,01092871848,xtinea Univ,D,N,,,,,2,2,2022-01-09,2021-09-06,4,59102,en
87,Nannie,Nannie,M,Nannie,1993-05-18,dktqbr@gmail.com,01082056254,ilhkai Univ,N,N,,,,,3,5,2022-04-04,2021-11-02,3,813124,ko
88,Lottie,Lottie,M,Lottie,1980-07-06,v4z81e@gmail.com,01081906751,kkgsfa Univ,N,Y,,,,,0,1,2021-12-22,2022-01-31,4,371644,ko
89,Amanda,Amanda,M,Amanda,1989-07-02,fc2zx9@gmail.com,01068104946,gkqgpz Univ,N,N,,,,,2,5,2022-04-23,2021-09-09,5,760775,ko
90,Belle,Belle,M,Belle,1972-03-20,ne57mc@gmail.com,01055470221,yzpqlu Univ,N,Y,,,,,0,4,2022-11-03,2021-02-16,3,235232,ko
91,Charlotte,Charlotte,F,Charlotte,1993-12-13,wq44sf@gmail.com,01088147497,vlfwjb Univ,N,Y,,,,,1,3,2021-10-31,2021-08-10,1,298144,ko
92,Rebecca,Rebecca,M,Rebecca,1970-12-28,dn7hgk@gmail.com,01020723158,hltizc Univ,D,Y,,,,,1,2,2021-08-29,2021-10-04,0,198885,ko
93,Ruth,Ruth,F,Ruth,1993-05-05,ulaetx@gmail.com,01083134418,tsqbos Univ,N,N,,,,,2,3,2021-05-09,2022-07-04,2,232338,ko
94,Viola,Viola,M,Viola,2018-12-14,9brkee@gmail.com,01022502897,yeltya Univ,D,Y,,,,,3,3,2021-07-21,2021-04-05,2,724612,ko
95,Olive,Olive,F,Olive,2016-11-07,2ieuhy@gmail.com,01065450935,mnbcfl Univ,D,Y,,,,,1,4,2021-03-09,2021-03-16,0,458510,en
96,Amelia,Amelia,M,Amelia,1962-06-21,56pqod@gmail.com,01055683327,ezflqu Univ,S,N,,,,,0,0,2021-11-09,2021-01-31,3,43776,ko
97,Hannah,Hannah,M,Hannah,1980-11-27,8vrh77@gmail.com,01021515696,tduhdg Univ,N,Y,,,,,5,5,2023-03-27,2021-01-26,2,145652,en
98,Jane,Jane,M,Jane,1981-09-04,2o0ylq@gmail.com,01085677473,yfourp Univ,N,Y,,,,,4,5,2022-05-03,2021-03-31,5,864961,ko
99,Virginia,Virginia,F,Virginia,2011-03-11,zhyqvm@gmail.com,01054535634,mnlgyv Univ,S,N,,,,,4,5,2022-12-21,2021-04-02,3,736707,ko
100,Emily,Emily,F,Emily,2001-12-08,4rftx2@gmail.com,01010161271,utqeof Univ,S,N,,,,,1,4,2022-03-27,2021-01-20,0,72596,en
101,Matilda,Matilda,F,Matilda,2011-11-17,wytrtl@gmail.com,01024806892,ijrlmi Univ,D,N,,,,,1,5,2022-05-08,2021-02-10,0,160135,ko
102,Irene,Irene,F,Irene,1985-07-11,ukzoot@gmail.com,01095996501,gptzxs Univ,N,N,,,,,3,4,2021-08-27,2021-11-17,4,124382,en
103,Kathryn,Kathryn,F,Kathryn,1989-06-10,qyjuqv@gmail.com,01070896509,keycyh Univ,N,N,,,,,4,4,2021-02-28,2021-12-23,3,658918,en
104,Esther,Esther,F,Esther,2018-08-13,pkzh66@gmail.com,01088109608,qvurvd Univ,N,N,,,,,4,5,2022-03-11,2021-03-16,2,409061,ko
105,Willie,Willie,M,Willie,2001-02-12,vfoofx@gmail.com,01081010133,susznr Univ,N,Y,,,,,4,5,2021-12-09,2022-05-12,4,158844,ko
106,Henrietta,Henrietta,F,Henrietta,2004-07-06,l2zg9m@gmail.com,01020833557,epezqh Univ,N,N,,,,,1,2,2021-09-11,2021-05-30,2,636487,en
107,Ollie,Ollie,M,Ollie,2010-03-27,qk0h84@gmail.com,01043288048,djtulq Univ,D,Y,,,,,1,1,2021-03-25,2022-08-12,3,49063,ko
108,Amy,Amy,M,Amy,1981-09-28,np505u@gmail.com,01016289241,zqmrws Univ,N,Y,,,,,2,2,2021-07-11,2021-02-14,3,714173,ko
109,Rachel,Rachel,M,Rachel,1985-11-10,boytdg@gmail.com,01058416918,wfzajg Univ,D,Y,,,,,3,5,2022-08-02,2021-08-22,0,967064,ko
110,Sara,Sara,M,Sara,1975-08-28,iz3ei6@gmail.com,01035812328,wslomx Univ,N,N,,,,,5,5,2021-05-14,2022-09-28,5,714319,en
111,Estella,Estella,F,Estella,1965-02-09,lnmkuy@gmail.com,01097548345,gqmfou Univ,S,Y,,,,,5,5,2021-07-02,2022-03-27,4,133082,ko
112,Theresa,Theresa,F,Theresa,2007-08-12,9ypin0@gmail.com,01032026878,cflsnh Univ,S,N,,,,,5,5,2022-08-12,2021-05-26,5,959438,en
113,Augusta,Augusta,F,Augusta,1993-04-02,ys1s6l@gmail.com,01033568223,bdtyej Univ,D,Y,,,,,0,1,2021-11-21,2021-04-22,1,894590,en
114,Ora,Ora,F,Ora,1990-11-27,p2s7ej@gmail.com,01072209341,obymdp Univ,D,Y,,,,,2,3,2022-08-14,2021-03-17,1,547388,en
115,Pauline,Pauline,F,Pauline,1964-10-07,rk0omq@gmail.com,01075859816,utanzh Univ,N,N,,,,,5,5,2021-07-05,2021-10-12,0,561111,ko
116,Josie,Josie,F,Josie,1989-03-26,1qlr0y@gmail.com,01059325656,ncmnco Univ,N,N,,,,,1,2,2022-08-11,2021-07-05,1,937942,en
117,Lola,Lola,F,Lola,2010-12-25,jz9mp0@gmail.com,01021683883,yeionu Univ,S,Y,,,,,3,3,2021-02-22,2021-04-16,0,360359,ko
118,Sophia,Sophia,M,Sophia,2012-06-18,ium0r8@gmail.com,01044788557,dhkina Univ,N,N,,,,,1,3,2022-06-08,2021-06-10,3,303290,en
119,Leona,Leona,F,Leona,1960-10-18,y535a7@gmail.com,01046027105,zvmnzp Univ,S,N,,,,,0,1,2022-09-14,2021-08-02,3,389878,en
120,Anne,Anne,F,Anne,2005-03-29,6avmsk@gmail.com,01091873409,zxscqp Univ,D,Y,,,,,4,4,2021-02-05,2022-01-08,3,834338,ko
121,Mildred,Mildred,M,Mildred,1968-03-18,l4dwm3@gmail.com,01015007201,gztzli Univ,D,N,,,,,3,5,2022-03-10,2021-12-06,0,391489,ko
122,Ann,Ann,M,Ann,2011-06-30,vnmkd0@gmail.com,01048956965,eajrah Univ,S,Y,,,,,3,3,2023-01-14,2021-03-08,4,715999,ko
123,Beulah,Beulah,F,Beulah,1961-06-19,dwe8jg@gmail.com,01058680006,bncouj Univ,D,Y,,,,,4,4,2021-03-29,2022-12-10,4,816635,en
124,Callie,Callie,M,Callie,2005-09-15,ut7j6i@gmail.com,01041447485,dsrapg Univ,D,N,,,,,4,5,2021-01-02,2022-03-25,2,262729,en
125,Lou,Lou,M,Lou,1970-05-19,lfllvk@gmail.com,01019637813,vmhvym Univ,S,Y,,,,,5,5,2021-03-31,2021-02-19,5,203051,ko
126,Delia,Delia,M,Delia,2012-03-27,oexdld@gmail.com,01022518620,mxfzjb Univ,D,Y,,,,,1,3,2023-04-18,2021-01-06,0,802650,en
127,Eleanor,Eleanor,F,Eleanor,1964-08-01,zsy2st@gmail.com,01089801307,ihttky Univ,D,Y,,,,,1,1,2022-12-02,2021-01-07,1,269569,ko
128,Barbara,Barbara,M,Barbara,1984-09-08,206wwd@gmail.com,01063900799,sopnfz Univ,N,Y,,,,,5,5,2021-09-17,2022-08-02,2,643284,en
129,Iva,Iva,M,Iva,1984-02-16,wi8krj@gmail.com,01096771388,hmvbrj Univ,S,Y,,,,,3,3,2021-09-17,2022-01-21,2,183765,en
130,Louisa,Louisa,F,Louisa,2008-10-07,mgdbkk@gmail.com,01094035690,tkcods Univ,D,N,,,,,3,3,2022-12-17,2021-01-31,4,131495,ko
131,Maria,Maria,F,Maria,1998-06-07,x1vwvc@gmail.com,01075805240,xmbeuz Univ,S,N,,,,,3,4,2021-03-24,2022-10-13,2,9682,ko
132,Mayme,Mayme,F,Mayme,1972-10-30,l1xb07@gmail.com,01053619007,ycpygo Univ,D,N,,,,,3,5,2022-08-23,2021-04-19,3,887291,en
133,Evelyn,Evelyn,M,Evelyn,1984-02-15,fei22m@gmail.com,01046181014,wuaymw Univ,D,N,,,,,1,3,2022-07-07,2021-04-14,5,317506,en
134,Estelle,Estelle,M,Estelle,1978-05-04,zivzpt@gmail.com,01045255203,hepfqe Univ,N,N,,,,,4,5,2022-04-05,2021-06-07,3,338016,ko
135,Nina,Nina,M,Nina,1964-11-16,ivqznc@gmail.com,01071672519,geslxv Univ,S,Y,,,,,3,3,2021-10-10,2021-01-25,1,532009,ko
136,Betty,Betty,M,Betty,1983-04-20,lbcjpc@gmail.com,01022867384,yfvaji Univ,S,Y,,,,,1,1,2021-03-03,2022-11-05,4,272566,ko
137,Marion,Marion,F,Marion,1965-12-14,2n9o5y@gmail.com,01070007523,ijdryy Univ,S,Y,,,,,2,4,2021-02-16,2022-08-22,3,428343,en
138,Bettie,Bettie,M,Bettie,1981-06-19,vkpcwo@gmail.com,01092972912,ezestv Univ,S,Y,,,,,0,0,2023-01-09,2021-04-22,2,519669,en
139,Dorothy,Dorothy,F,Dorothy,1962-05-11,83fcxp@gmail.com,01066875038,jlspzy Univ,S,Y,,,,,5,5,2022-12-15,2021-03-05,2,284981,en
140,Luella,Luella,M,Luella,1988-06-07,pqu8a5@gmail.com,01089079503,mwjxuo Univ,D,N,,,,,5,5,2022-11-06,2021-05-05,3,102251,ko
141,Inez,Inez,F,Inez,2018-07-01,rkppwc@gmail.com,01023418086,twexdq Univ,S,Y,,,,,0,1,2021-11-06,2021-10-16,1,53931,en
142,Lela,Lela,M,Lela,1995-09-15,f3tdmj@gmail.com,01013419500,rytznh Univ,N,N,,,,,4,5,2022-08-28,2021-08-18,0,413505,ko
143,Rosie,Rosie,F,Rosie,1977-12-27,4bvv5c@gmail.com,01096414068,hwduaw Univ,N,N,,,,,0,1,2022-05-20,2021-11-17,1,604007,en
144,Allie,Allie,M,Allie,2014-02-20,pth9xy@gmail.com,01033677743,zlbkjw Univ,D,N,,,,,5,5,2022-09-27,2021-01-07,2,47377,ko
145,Millie,Millie,F,Millie,1979-06-20,uzl6ls@gmail.com,01096725891,hpifjl Univ,N,N,,,,,2,5,2021-05-01,2022-01-16,5,586453,ko
146,Janie,Janie,F,Janie,2017-07-10,8kdy2r@gmail.com,01016400206,lalehj Univ,S,N,,,,,0,5,2021-10-27,2021-11-10,5,744420,ko
147,Cornelia,Cornelia,M,Cornelia,2012-08-19,6lkxpz@gmail.com,01011978787,elwlvs Univ,D,Y,,,,,0,1,2022-11-14,2021-03-13,5,850153,en
148,Victoria,Victoria,F,Victoria,2004-03-29,quiu1q@gmail.com,01063402821,qklflr Univ,D,N,,,,,2,4,2022-02-15,2021-12-07,1,784467,en
149,Ruby,Ruby,F,Ruby,1976-01-09,78ko8b@gmail.com,01016413520,sgiicv Univ,D,N,,,,,2,3,2022-03-23,2021-08-02,5,729564,en
150,Winifred,Winifred,M,Winifred,2007-04-03,5jsvvz@gmail.com,01033279042,kfuefd Univ,N,N,,,,,4,5,2022-12-29,2021-02-16,2,51835,ko
151,Alta,Alta,M,Alta,1985-06-28,p7kkck@gmail.com,01029118381,tgqczp Univ,S,Y,,,,,4,4,2021-07-03,2022-05-30,5,648829,en
152,Celia,Celia,M,Celia,1993-02-23,9tm1ho@gmail.com,01040007134,ycfcvj Univ,D,Y,,,,,2,4,2022-05-16,2021-06-12,2,614811,ko
153,Christine,Christine,M,Christine,2011-04-03,mgh815@gmail.com,01080087097,rerjjz Univ,N,Y,,,,,3,5,2021-01-17,2022-08-26,4,658451,ko
154,Beatrice,Beatrice,F,Beatrice,1965-01-25,szvpqg@gmail.com,01070914581,piajth Univ,D,N,,,,,3,5,2021-12-26,2021-09-21,2,756603,en
155,Birdie,Birdie,F,Birdie,1981-04-04,v70scj@gmail.com,01052853048,bgkuqk Univ,N,Y,,,,,2,5,2022-04-30,2021-11-22,0,699106,ko
156,Harriett,Harriett,M,Harriett,1985-02-21,vzqzbk@gmail.com,01067422045,bkmoms Univ,D,Y,,,,,0,0,2021-07-30,2021-09-14,3,430682,ko
157,Mable,Mable,F,Mable,1997-11-28,mqgk7c@gmail.com,01073565532,udituj Univ,S,Y,,,,,3,3,2021-06-02,2022-07-29,1,556816,en
158,Myra,Myra,M,Myra,1999-04-14,mn7bfh@gmail.com,01016808148,phwsni Univ,N,Y,,,,,5,5,2023-02-08,2021-01-11,0,875695,en
159,Sophie,Sophie,F,Sophie,1993-03-06,x7b4jm@gmail.com,01093627969,thacgd Univ,D,N,,,,,5,5,2021-07-10,2021-04-18,5,684586,ko
160,Tillie,Tillie,F,Tillie,1991-08-01,8zu1br@gmail.com,01041132083,elcnfw Univ,S,Y,,,,,3,5,2021-05-15,2022-03-30,1,417039,en
161,Isabel,Isabel,F,Isabel,2012-02-24,yyn5t6@gmail.com,01034639337,qzunti Univ,S,Y,,,,,4,5,2021-01-02,2023-02-26,1,882243,en
162,Sylvia,Sylvia,M,Sylvia,1960-01-13,uj9czh@gmail.com,01032283687,spbqxv Univ,D,N,,,,,4,4,2021-07-25,2021-09-13,3,336937,en
163,Carolyn,Carolyn,M,Carolyn,1995-07-07,bahl6c@gmail.com,01073383337,hweghd Univ,D,Y,,,,,0,1,2021-01-02,2022-08-19,2,259255,en
164,Isabelle,Isabelle,F,Isabelle,2018-06-16,ovemfl@gmail.com,01060475115,sakuos Univ,D,Y,,,,,1,3,2021-03-27,2022-06-08,4,67466,en
165,Leila,Leila,M,Leila,1970-06-06,kdej6s@gmail.com,01069124524,shbakq Univ,S,N,,,,,1,2,2021-11-21,2022-03-09,0,221887,en
166,Sally,Sally,F,Sally,2016-06-12,n4hbqh@gmail.com,01023091318,xwdwfq Univ,S,Y,,,,,2,5,2021-11-24,2022-01-23,5,880976,en
167,Ina,Ina,F,Ina,1979-01-26,stthsu@gmail.com,01057789974,yqvpjv Univ,D,Y,,,,,0,2,2021-03-24,2021-01-30,3,969364,en
168,Essie,Essie,M,Essie,1966-05-10,0hclfp@gmail.com,01081529874,nzyddt Univ,S,N,,,,,0,0,2021-06-11,2021-06-02,4,482976,en
169,Bertie,Bertie,M,Bertie,2011-06-17,75ostr@gmail.com,01065969568,udicuu Univ,D,N,,,,,2,2,2022-07-21,2021-02-09,4,556790,ko
170,Nell,Nell,M,Nell,1965-04-08,qb12vo@gmail.com,01044227514,fphwdd Univ,D,N,,,,,4,5,2022-12-21,2021-02-05,1,86196,en
171,Alberta,Alberta,M,Alberta,1996-07-23,f865ck@gmail.com,01043984109,kremgw Univ,S,Y,,,,,5,5,2021-11-07,2021-11-20,3,180234,ko
172,Katharine,Katharine,F,Katharine,1979-04-05,fch3ju@gmail.com,01049156017,fuzhuc Univ,S,N,,,,,0,3,2023-03-24,2021-01-19,5,847342,ko
173,Lora,Lora,F,Lora,1962-10-06,4iuwry@gmail.com,01039315977,dpjvec Univ,D,N,,,,,1,5,2021-06-28,2022-07-28,2,187766,ko
174,Rena,Rena,F,Rena,1983-01-21,6461eq@gmail.com,01043205127,cuyiyi Univ,S,Y,,,,,5,5,2023-01-18,2021-03-29,0,746471,en
175,Mina,Mina,F,Mina,1975-10-29,szujbh@gmail.com,01038699309,nrxder Univ,N,N,,,,,5,5,2023-04-13,2021-01-17,1,347976,ko
176,Rhoda,Rhoda,F,Rhoda,1963-09-05,h2brkz@gmail.com,01013607041,ywdemr Univ,S,Y,,,,,2,5,2021-08-27,2021-07-19,5,896171,en
177,Mathilda,Mathilda,M,Mathilda,1960-07-26,9ub1nq@gmail.com,01012989571,ckvigq Univ,S,N,,,,,0,2,2021-05-01,2022-09-25,5,988992,ko
178,Abbie,Abbie,F,Abbie,2012-12-22,b4nuad@gmail.com,01060074504,imqsbf Univ,D,N,,,,,5,5,2022-01-11,2021-01-30,3,131819,en
179,Eula,Eula,M,Eula,2002-06-16,pzk57z@gmail.com,01059110406,yboqyh Univ,D,N,,,,,2,4,2021-01-01,2022-01-24,2,767713,ko
180,Dollie,Dollie,F,Dollie,1972-01-21,ihqvnj@gmail.com,01067368642,jfakwh Univ,D,Y,,,,,0,3,2022-03-02,2022-01-28,2,696658,ko
181,Hettie,Hettie,F,Hettie,1978-06-17,1is8m0@gmail.com,01055008529,pihknm Univ,S,Y,,,,,5,5,2021-04-13,2021-09-05,4,285204,en
182,Eunice,Eunice,F,Eunice,1971-08-06,kjqzw4@gmail.com,01013532003,bhuntv Univ,S,N,,,,,3,4,2022-11-19,2021-04-22,1,396867,en
183,Fanny,Fanny,F,Fanny,1992-12-14,qxtjrp@gmail.com,01087355231,xpbdkk Univ,N,Y,,,,,5,5,2023-03-10,2021-01-06,4,797759,ko
184,Ola,Ola,F,Ola,1977-03-19,7nfc33@gmail.com,01027095177,wghofv Univ,D,Y,,,,,1,4,2023-03-23,2021-01-20,4,992069,en
185,Lenora,Lenora,F,Lenora,2009-01-14,lxg3u5@gmail.com,01021290418,iqbhiw Univ,S,N,,,,,3,3,2022-11-02,2021-06-23,4,485839,en
186,Adelaide,Adelaide,M,Adelaide,2012-11-15,pbke92@gmail.com,01060273264,rssqkk Univ,S,Y,,,,,3,3,2021-01-18,2022-08-26,3,849280,en
187,Christina,Christina,M,Christina,2011-05-01,fho0ry@gmail.com,01025109245,gquokz Univ,D,N,,,,,3,3,2021-05-27,2022-01-02,1,250763,ko
188,Lelia,Lelia,M,Lelia,1967-10-28,4qk5d3@gmail.com,01058288024,zvqrad Univ,N,N,,,,,2,3,2021-02-19,2023-01-20,2,368157,en
189,Nelle,Nelle,F,Nelle,2014-06-25,6liakv@gmail.com,01061866801,njexsj Univ,N,Y,,,,,5,5,2022-02-21,2021-06-19,5,515044,en
190,Sue,Sue,M,Sue,1963-08-09,ba6v4v@gmail.com,01059391836,heqvox Univ,N,N,,,,,5,5,2022-07-12,2021-06-13,3,200075,ko
191,Johanna,Johanna,M,Johanna,2012-03-05,roqwyq@gmail.com,01045607333,gevjzy Univ,N,N,,,,,1,4,2021-10-15,2022-04-24,2,581017,ko
192,Lilly,Lilly,F,Lilly,1998-04-13,mhcgfg@gmail.com,01045962030,rgzecd Univ,S,Y,,,,,3,4,2022-05-29,2021-11-15,0,662647,en
193,Lucinda,Lucinda,M,Lucinda,1967-12-20,ltflah@gmail.com,01093821173,hqgbwh Univ,D,Y,,,,,0,5,2023-02-15,2021-02-05,1,972620,ko
194,Minerva,Minerva,M,Minerva,1985-04-08,ux995p@gmail.com,01060743851,cvxabb Univ,S,Y,,,,,5,5,2023-03-17,2021-01-12,4,346896,en
195,Lettie,Lettie,M,Lettie,1992-01-22,cehe7n@gmail.com,01081903830,cseadk Univ,N,N,,,,,3,3,2022-10-02,2021-03-24,5,518213,ko
196,Roxie,Roxie,F,Roxie,1978-02-27,r8idnk@gmail.com,01048702126,pwqnxk Univ,S,N,,,,,4,5,2021-03-13,2022-04-19,5,913202,en
197,Cynthia,Cynthia,M,Cynthia,2005-10-16,ghgdal@gmail.com,01045830883,oxxepl Univ,D,N,,,,,3,4,2023-03-25,2021-01-05,4,357714,ko
198,Helena,Helena,M,Helena,1964-03-13,m27shp@gmail.com,01042374843,ogizkh Univ,D,N,,,,,2,3,2021-12-26,2021-06-09,1,544936,ko
199,Hilda,Hilda,F,Hilda,1978-01-03,xe9gqv@gmail.com,01027571271,dhccpk Univ,S,N,,,,,3,4,2021-11-23,2022-05-27,4,579865,ko
200,Hulda,Hulda,M,Hulda,2016-12-28,56hxki@gmail.com,01099175615,pmifjo Univ,S,N,,,,,0,1,2022-05-09,2021-11-09,3,427238,ko
201,Bernice,Bernice,F,Bernice,1971-01-20,q0lvyi@gmail.com,01070843382,euksie Univ,S,Y,,,,,0,0,2022-02-20,2022-03-06,5,644285,en
202,Genevieve,Genevieve,F,Genevieve,1986-06-08,ixby8p@gmail.com,01084904688,qyhshq Univ,D,Y,,,,,5,5,2022-07-22,2021-07-19,0,679140,en
203,Jean,Jean,M,Jean,2017-04-01,74h6xe@gmail.com,01018896652,horepd Univ,S,N,,,,,3,3,2022-07-20,2021-05-31,1,718197,ko
204,Cordelia,Cordelia,M,Cordelia,1977-01-09,yqk40t@gmail.com,01048200773,kwjnry Univ,N,Y,,,,,5,5,2023-01-11,2021-03-02,4,617057,en
205,Marian,Marian,F,Marian,1976-02-17,9cuvmz@gmail.com,01039783862,ypxdpg Univ,D,Y,,,,,2,5,2022-07-10,2021-09-13,5,471631,ko
206,Francis,Francis,M,Francis,2020-06-11,29j6sf@gmail.com,01060986010,tqbajo Univ,S,N,,,,,0,3,2021-09-27,2021-02-04,3,436205,en
207,Jeanette,Jeanette,M,Jeanette,1963-11-18,mdytv6@gmail.com,01059845521,dpmmmr Univ,S,N,,,,,0,2,2021-04-19,2022-03-26,5,332272,en
208,Adeline,Adeline,M,Adeline,1994-06-16,mprlo8@gmail.com,01017447528,zxmnbd Univ,S,N,,,,,4,4,2021-10-09,2022-01-25,1,821609,ko
209,Gussie,Gussie,F,Gussie,2002-02-24,xxrwl8@gmail.com,01033786696,bmdsge Univ,D,Y,,,,,1,3,2021-04-24,2022-09-25,0,475797,ko
210,Leah,Leah,F,Leah,1964-12-28,n8ar6i@gmail.com,01064574362,zzntea Univ,D,N,,,,,3,3,2022-07-20,2021-07-12,0,362657,en
211,Lois,Lois,F,Lois,1978-07-24,d9pyld@gmail.com,01028933610,ogcwqb Univ,S,N,,,,,5,5,2021-06-26,2021-02-26,2,597182,ko
212,Lura,Lura,F,Lura,1972-09-07,dkdzdn@gmail.com,01051542435,mkkqba Univ,S,Y,,,,,1,1,2023-02-03,2021-02-21,0,997505,ko
213,Mittie,Mittie,F,Mittie,1985-01-01,orbny9@gmail.com,01085931008,ywngcf Univ,S,N,,,,,5,5,2021-09-14,2022-06-08,1,430716,en
214,Hallie,Hallie,M,Hallie,2007-03-08,51uqzn@gmail.com,01068137179,sftlbh Univ,S,N,,,,,0,4,2021-07-07,2021-03-21,4,785383,en
215,Isabella,Isabella,M,Isabella,1988-07-09,0xspus@gmail.com,01033537594,evzcpa Univ,S,Y,,,,,5,5,2021-10-15,2021-06-29,0,600060,en
216,Olga,Olga,F,Olga,1968-12-04,uz29fw@gmail.com,01080426237,ctyjei Univ,N,N,,,,,1,3,2022-08-02,2021-01-31,1,619355,en
217,Phoebe,Phoebe,M,Phoebe,2014-01-31,w82l85@gmail.com,01039665820,pupjxf Univ,D,Y,,,,,5,5,2022-04-26,2021-02-19,4,824788,en
218,Teresa,Teresa,F,Teresa,1977-04-20,exp4ka@gmail.com,01056646897,xlnoca Univ,N,Y,,,,,5,5,2022-12-22,2021-01-31,0,521820,en
219,Hester,Hester,M,Hester,2016-10-03,gas176@gmail.com,01055309626,hbhiqd Univ,N,Y,,,,,2,2,2021-08-26,2021-11-03,3,477991,ko
220,Lida,Lida,M,Lida,1980-01-16,156in5@gmail.com,01022322849,joxwyz Univ,D,Y,,,,,4,4,2022-09-06,2021-04-25,0,411062,en
221,Lina,Lina,F,Lina,1992-09-26,t550ec@gmail.com,01041087774,ukhoqo Univ,N,N,,,,,4,4,2021-06-18,2022-08-31,0,151097,en
222,Winnie,Winnie,M,Winnie,2013-07-29,alzcj6@gmail.com,01041701454,uowvdb Univ,N,Y,,,,,1,5,2022-12-02,2021-05-05,1,971872,en
223,Claudia,Claudia,F,Claudia,2014-10-15,qojaum@gmail.com,01071369941,jokbwz Univ,D,Y,,,,,1,3,2021-09-18,2021-05-13,4,999484,en
224,Marguerite,Marguerite,M,Marguerite,1967-02-28,z9eapv@gmail.com,01075280902,ufimrx Univ,S,N,,,,,3,5,2022-10-31,2021-06-04,2,70365,ko
225,Vera,Vera,F,Vera,1970-10-26,naohhh@gmail.com,01076663613,kvtxct Univ,N,Y,,,,,1,1,2022-09-27,2021-06-23,4,850101,ko
226,Cecelia,Cecelia,F,Cecelia,1993-12-10,086mg0@gmail.com,01047516666,jrsxki Univ,D,Y,,,,,1,3,2021-08-28,2021-01-27,2,278971,ko
227,Bess,Bess,F,Bess,2012-10-08,7e6w2w@gmail.com,01048538070,umhisd Univ,N,Y,,,,,3,5,2022-08-27,2021-06-20,3,456909,en
228,Emilie,Emilie,M,Emilie,1961-05-13,oaquc2@gmail.com,01091192060,whxqup Univ,S,Y,,,,,3,3,2023-02-01,2021-03-14,2,81918,en
229,John,John,M,John,1973-08-19,lq9jrx@gmail.com,01088964523,gpzwit Univ,D,N,,,,,0,1,2022-08-07,2021-06-06,4,208546,ko
230,Rosetta,Rosetta,M,Rosetta,1991-01-29,lkplo8@gmail.com,01011041856,tdhorb Univ,S,N,,,,,3,4,2021-02-23,2022-11-17,5,605112,ko
231,Verna,Verna,F,Verna,2009-11-21,yo9ihj@gmail.com,01054624720,twvyqu Univ,S,N,,,,,5,5,2022-01-23,2021-12-23,3,320933,ko
232,Myrtie,Myrtie,F,Myrtie,1967-11-19,a5z5a0@gmail.com,01040013297,xrvhyo Univ,S,Y,,,,,3,5,2023-04-12,2021-01-17,0,386949,ko
233,Cecilia,Cecilia,F,Cecilia,2002-12-27,7zze7w@gmail.com,01054392309,cuchkm Univ,N,N,,,,,2,5,2021-09-28,2021-03-17,2,688052,en
234,Elva,Elva,F,Elva,2014-04-21,a039mx@gmail.com,01032959077,ugkdkz Univ,S,Y,,,,,4,5,2023-02-08,2021-01-26,0,616721,ko
235,Olivia,Olivia,M,Olivia,1981-02-02,uzvo9n@gmail.com,01071985745,ofxubk Univ,D,N,,,,,1,4,2021-05-06,2022-07-23,2,706296,ko
236,Ophelia,Ophelia,F,Ophelia,2000-03-11,nf74y6@gmail.com,01041990060,ksyrjl Univ,N,Y,,,,,5,5,2021-05-09,2022-01-05,0,603690,ko
237,Georgie,Georgie,M,Georgie,1970-06-10,xtazat@gmail.com,01043118482,sjajun Univ,S,Y,,,,,3,4,2021-04-21,2021-06-25,4,541809,ko
238,Elnora,Elnora,F,Elnora,1963-02-21,bkvxgo@gmail.com,01072940675,lrbkai Univ,S,N,,,,,2,3,2022-02-24,2021-11-29,4,531691,ko
239,Violet,Violet,F,Violet,2000-06-17,jifqc8@gmail.com,01012617234,vgfknf Univ,S,N,,,,,3,5,2021-10-07,2021-11-15,4,3504,ko
240,Adele,Adele,M,Adele,2010-01-23,7d5lb5@gmail.com,01015067455,tvibwi Univ,D,Y,,,,,1,2,2021-11-10,2021-08-14,0,598794,en
241,Lily,Lily,F,Lily,1970-11-16,7qlgft@gmail.com,01034515605,kgzjvn Univ,N,N,,,,,3,3,2022-09-08,2021-01-14,1,243254,ko
242,Linnie,Linnie,M,Linnie,1995-07-16,n232de@gmail.com,01020291508,ibizcz Univ,N,Y,,,,,5,5,2021-02-15,2021-12-19,0,259567,en
243,Loretta,Loretta,M,Loretta,1993-01-07,ipkbea@gmail.com,01041950913,dyeltn Univ,N,Y,,,,,4,5,2022-09-10,2021-02-16,0,874106,en
244,Madge,Madge,M,Madge,1999-07-29,fczds4@gmail.com,01039187691,bcdiwi Univ,N,Y,,,,,0,5,2021-01-27,2021-04-20,1,685721,ko
245,Polly,Polly,F,Polly,2018-11-19,08lhcm@gmail.com,01023792290,ksjxes Univ,S,Y,,,,,3,3,2022-07-20,2021-02-18,0,420578,ko
246,Virgie,Virgie,F,Virgie,2001-01-26,pijm5s@gmail.com,01029263102,xvknot Univ,D,N,,,,,2,3,2022-04-23,2021-08-05,2,259117,en
247,Eugenia,Eugenia,F,Eugenia,2010-07-20,3cgn97@gmail.com,01074265755,hsqqwk Univ,N,N,,,,,0,5,2022-10-01,2021-02-22,0,719069,ko
248,Lucile,Lucile,M,Lucile,1978-08-21,p2hnhx@gmail.com,01015306872,zzykwu Univ,S,N,,,,,3,3,2021-08-31,2022-05-05,5,163453,en
249,Lucille,Lucille,F,Lucille,1994-05-27,r21ewb@gmail.com,01070847171,wzqxzn Univ,S,Y,,,,,2,4,2021-12-21,2021-11-14,2,640347,ko
250,Mabelle,Mabelle,F,Mabelle,1989-05-29,o559p6@gmail.com,01036410550,hhtygw Univ,S,Y,,,,,2,2,2022-10-15,2021-01-28,3,553244,ko
251,Rosalie,Rosalie,F,Rosalie,1975-03-25,ydonul@gmail.com,01069717518,megyhn Univ,N,N,,,,,5,5,2021-09-14,2022-01-20,1,609892,ko
252,Kittie,Kittie,M,Kittie,1980-08-13,1901z3@gmail.com,01099790374,ghudrf Univ,D,Y,,,,,0,4,2021-07-31,2021-09-05,3,526694,en
253,Meta,Meta,M,Meta,2013-09-15,jkxp2o@gmail.com,01072160873,uvtgxu Univ,D,Y,,,,,3,3,2022-10-31,2021-03-30,3,59033,ko
254,Angie,Angie,M,Angie,1966-11-30,nwargu@gmail.com,01038212568,mlehhs Univ,N,Y,,,,,0,5,2022-04-13,2021-01-01,0,217603,ko
255,Dessie,Dessie,M,Dessie,1990-07-20,qwo37d@gmail.com,01094656089,ilbzjn Univ,N,Y,,,,,0,3,2021-10-10,2022-03-08,3,975822,ko
256,Georgiana,Georgiana,M,Georgiana,1996-12-05,bx92ui@gmail.com,01066263281,eqizae Univ,D,Y,,,,,4,4,2022-12-13,2021-01-10,1,182608,en
257,Lila,Lila,M,Lila,2005-03-23,kuqffc@gmail.com,01032073466,vnhszt Univ,D,N,,,,,5,5,2023-02-02,2021-02-11,2,4051,en
258,Regina,Regina,F,Regina,1987-11-02,3cihsx@gmail.com,01012449744,innohi Univ,S,Y,,,,,2,5,2021-05-29,2021-07-07,1,555428,en
259,Selma,Selma,F,Selma,2017-01-19,op9ghw@gmail.com,01054747260,adtbau Univ,S,Y,,,,,5,5,2022-12-12,2021-04-06,2,933614,ko
260,Wilhelmina,Wilhelmina,M,Wilhelmina,1970-11-18,ogxt4c@gmail.com,01034434022,mtigrr Univ,S,Y,,,,,4,5,2021-04-01,2021-02-27,4,885512,en
261,Bridget,Bridget,F,Bridget,1993-01-30,wboanu@gmail.com,01079134634,telbae Univ,D,N,,,,,5,5,2021-08-01,2021-03-15,2,183737,en
262,Lilla,Lilla,F,Lilla,2007-11-22,3pz0rn@gmail.com,01094271504,xfvqoj Univ,D,Y,,,,,5,5,2022-01-13,2021-10-25,2,630736,ko
263,Malinda,Malinda,M,Malinda,2000-03-20,iuwvvb@gmail.com,01076084984,bnqfsh Univ,S,Y,,,,,1,2,2021-08-30,2022-01-12,5,352909,ko
264,Vina,Vina,F,Vina,2009-12-02,544z5l@gmail.com,01091015346,zwrqst Univ,D,N,,,,,2,2,2023-04-22,2021-01-02,2,911568,en
265,Freda,Freda,F,Freda,2020-06-09,451kl7@gmail.com,01052409993,wjwlai Univ,N,N,,,,,5,5,2022-05-01,2021-05-18,3,796879,ko
266,Gertie,Gertie,M,Gertie,1983-03-31,43thgy@gmail.com,01087654699,zylqdm Univ,S,Y,,,,,0,3,2022-09-19,2021-04-25,2,256905,ko
267,Jeannette,Jeannette,M,Jeannette,1961-10-23,a8r3pu@gmail.com,01063058980,txtptu Univ,D,N,,,,,3,3,2023-02-25,2021-03-01,4,868566,ko
268,Louella,Louella,M,Louella,1965-05-19,ozxfmb@gmail.com,01043790979,opmuns Univ,D,Y,,,,,2,5,2022-02-27,2021-12-10,0,820898,ko
269,Mandy,Mandy,F,Mandy,1977-02-08,liuy5z@gmail.com,01047768179,bjzyww Univ,S,N,,,,,3,3,2022-04-16,2021-03-25,4,509945,en
270,Roberta,Roberta,M,Roberta,2006-09-20,gi1047@gmail.com,01022456922,opvspi Univ,D,Y,,,,,2,5,2021-11-30,2021-05-06,1,539393,ko
271,Cassie,Cassie,F,Cassie,1960-09-24,24ib1q@gmail.com,01080618588,mhoxof Univ,D,Y,,,,,1,5,2021-05-12,2021-01-11,2,519453,en
272,Corinne,Corinne,F,Corinne,2015-10-27,uuiv3y@gmail.com,01029295761,zpryna Univ,N,Y,,,,,4,5,2022-06-09,2021-10-10,5,679011,ko
273,Ivy,Ivy,M,Ivy,2017-09-21,ma1uwa@gmail.com,01073750769,whmxgg Univ,D,Y,,,,,4,5,2022-12-01,2021-03-22,5,851944,en
274,Melissa,Melissa,M,Melissa,1995-08-24,j5x2ca@gmail.com,01066474260,rorroh Univ,D,Y,,,,,4,4,2021-01-11,2023-01-06,2,997791,en
275,Lyda,Lyda,M,Lyda,1976-01-22,14ktdw@gmail.com,01041228376,hakeon Univ,D,Y,,,,,2,2,2021-12-04,2021-03-09,0,312249,en
276,Naomi,Naomi,M,Naomi,1998-09-01,tz5jfa@gmail.com,01098809282,eifdbu Univ,S,Y,,,,,0,4,2022-07-30,2021-04-30,5,594095,en
277,Norma,Norma,F,Norma,2011-02-11,7frn0f@gmail.com,01032266441,oyigkp Univ,S,N,,,,,5,5,2022-03-21,2021-11-30,0,76732,en
278,Bell,Bell,M,Bell,2010-02-05,yohtic@gmail.com,01091715172,abfmhz Univ,S,N,,,,,3,5,2021-10-07,2021-02-03,2,621437,ko
279,Margie,Margie,M,Margie,2007-06-07,uyzr70@gmail.com,01023469647,voviup Univ,S,Y,,,,,2,3,2021-12-08,2021-11-15,0,47221,ko
280,Nona,Nona,F,Nona,1999-03-12,qhoqvv@gmail.com,01097055276,jusftv Univ,N,N,,,,,4,5,2021-10-27,2021-11-23,1,866386,en
281,Zella,Zella,F,Zella,1967-11-28,w21l63@gmail.com,01090943614,tyttxv Univ,N,Y,,,,,3,3,2021-07-05,2021-03-05,1,828094,en
282,Dovie,Dovie,M,Dovie,1968-07-16,0cdpxe@gmail.com,01046815155,pbiobi Univ,N,N,,,,,4,4,2021-06-04,2021-12-20,5,712594,ko
283,Elvira,Elvira,M,Elvira,2008-06-25,n4y4ef@gmail.com,01080184797,bjzzam Univ,D,N,,,,,1,4,2021-05-03,2022-07-03,3,223983,en
284,Erma,Erma,M,Erma,1981-03-21,akv2tl@gmail.com,01079775102,ovbhgh Univ,N,N,,,,,4,5,2021-01-03,2021-06-12,1,911574,en
285,Irma,Irma,F,Irma,2006-09-28,qh53u4@gmail.com,01075422815,ibjcrs Univ,N,Y,,,,,2,4,2021-10-25,2021-01-01,0,781967,ko
286,Leota,Leota,M,Leota,1998-10-03,y9x13x@gmail.com,01022689142,gqzvei Univ,S,N,,,,,3,3,2021-12-06,2021-03-17,1,418063,en
287,William,William,M,William,2018-08-18,2pelxb@gmail.com,01099981480,xlxtap Univ,D,N,,,,,5,5,2021-10-14,2021-12-20,5,171833,en
288,Artie,Artie,F,Artie,2005-08-08,6x8ynl@gmail.com,01096132399,vhpjpq Univ,N,Y,,,,,5,5,2021-11-28,2021-08-13,0,647367,ko
289,Blanch,Blanch,M,Blanch,1974-11-03,ree9zs@gmail.com,01043120854,mpdyvc Univ,S,Y,,,,,5,5,2022-01-05,2021-01-08,1,170800,ko
290,Charity,Charity,M,Charity,1963-02-21,pbdqq9@gmail.com,01098796952,qafjtb Univ,D,Y,,,,,2,3,2021-11-15,2021-01-22,1,674513,en
291,Lorena,Lorena,M,Lorena,1970-08-11,xoy7ex@gmail.com,01054809071,scbxpn Univ,N,N,,,,,3,4,2022-11-26,2021-01-07,4,863987,en
292,Lucretia,Lucretia,M,Lucretia,2020-10-23,mtb3i9@gmail.com,01017623478,swspog Univ,D,Y,,,,,1,1,2021-07-01,2022-03-29,5,945540,en
293,Orpha,Orpha,F,Orpha,2013-10-09,47cdc9@gmail.com,01064092217,nplxvl Univ,S,N,,,,,5,5,2021-10-30,2021-03-31,2,317582,ko
294,Alvina,Alvina,F,Alvina,2000-07-29,rt8axs@gmail.com,01030467882,ayywxz Univ,D,Y,,,,,1,1,2022-07-05,2021-05-09,1,362843,ko
295,Annette,Annette,F,Annette,1994-05-01,3qzusv@gmail.com,01099663433,dbwpyi Univ,D,Y,,,,,1,4,2022-05-29,2021-11-02,3,352208,ko
296,Catharine,Catharine,F,Catharine,1973-02-11,or9lha@gmail.com,01012348703,ezbtjq Univ,N,N,,,,,3,3,2022-01-24,2021-12-23,1,14067,ko
297,Elma,Elma,F,Elma,2003-04-12,h179z0@gmail.com,01051196586,xnowez Univ,N,N,,,,,2,5,2022-03-03,2022-01-18,4,126060,ko
298,Geneva,Geneva,M,Geneva,1984-01-04,dz4lrx@gmail.com,01077545888,inufds Univ,N,N,,,,,5,5,2022-05-21,2021-05-12,1,826793,ko
299,Janet,Janet,F,Janet,1990-09-14,2zrlsx@gmail.com,01082719709,ggohza Univ,S,N,,,,,1,1,2021-10-31,2021-05-20,4,794002,ko
300,Lee,Lee,F,Lee,1983-05-20,51k66g@gmail.com,01048395020,cpntid Univ,N,N,,,,,3,4,2021-11-25,2021-12-10,3,416328,ko
301,Leora,Leora,F,Leora,1971-07-11,0bpd53@gmail.com,01093478525,odbojg Univ,S,N,,,,,0,4,2022-12-29,2021-01-17,2,267141,ko
302,Lona,Lona,F,Lona,1996-01-14,coayzi@gmail.com,01052916959,nbixpa Univ,N,N,,,,,4,4,2023-03-17,2021-01-10,0,609658,ko
303,Miriam,Miriam,F,Miriam,2020-07-31,bc8f8b@gmail.com,01058516244,eaidpy Univ,N,N,,,,,2,5,2022-10-17,2021-04-26,1,220136,ko
304,Zora,Zora,M,Zora,1965-11-23,xtf1dq@gmail.com,01028026594,efbsif Univ,S,Y,,,,,3,3,2021-01-09,2023-01-25,0,997283,ko
305,Linda,Linda,F,Linda,1983-02-01,4gygfa@gmail.com,01057382569,mxqgkm Univ,D,Y,,,,,3,3,2021-07-18,2022-09-07,0,704015,ko
306,Octavia,Octavia,M,Octavia,2009-05-11,2wo808@gmail.com,01082509101,jbfquf Univ,N,N,,,,,1,5,2022-05-29,2021-08-01,1,776817,en
307,Sudie,Sudie,M,Sudie,1969-04-18,8bwhr4@gmail.com,01070613877,jztfwm Univ,D,N,,,,,1,1,2022-05-28,2021-04-09,5,607066,ko
308,Zula,Zula,M,Zula,1964-10-31,z95ya3@gmail.com,01088324807,dxgyqh Univ,D,N,,,,,0,0,2021-05-11,2022-01-15,1,590932,ko
309,Adella,Adella,M,Adella,1987-02-27,72lvdp@gmail.com,01032096163,mqmvyw Univ,N,N,,,,,0,5,2021-04-23,2021-11-18,1,136810,ko
310,Alpha,Alpha,M,Alpha,1990-08-28,1nzudx@gmail.com,01069781112,rndwzd Univ,D,Y,,,,,3,5,2021-09-27,2021-03-29,5,834019,en
311,Frieda,Frieda,M,Frieda,2000-05-27,h9xwl9@gmail.com,01025974812,sfayjw Univ,S,Y,,,,,1,4,2021-03-05,2021-11-24,1,714250,ko
312,George,George,M,George,1982-09-01,lrrmt9@gmail.com,01085833461,yfoscv Univ,N,N,,,,,2,3,2022-04-14,2021-06-20,0,345060,ko
313,Joanna,Joanna,F,Joanna,1971-08-29,vj99tn@gmail.com,01016771009,dvljim Univ,N,Y,,,,,3,5,2022-04-22,2021-06-24,2,941395,en
314,Leonora,Leonora,F,Leonora,1962-08-31,nrh4os@gmail.com,01099822877,cwsjbx Univ,D,N,,,,,0,5,2021-10-28,2022-02-14,4,192716,en
315,Priscilla,Priscilla,M,Priscilla,1977-05-28,92dakd@gmail.com,01015343104,pzwykz Univ,S,Y,,,,,1,2,2022-08-29,2021-07-08,3,547038,en
316,Tennie,Tennie,M,Tennie,2011-02-04,x0iido@gmail.com,01062169674,iglflk Univ,S,N,,,,,0,4,2022-10-05,2021-07-02,2,22485,ko
317,Angeline,Angeline,M,Angeline,1971-09-03,rswb50@gmail.com,01019060394,dwxfrd Univ,S,N,,,,,4,4,2021-08-18,2021-06-20,0,174808,ko
318,Docia,Docia,F,Docia,2013-06-24,mfyj4w@gmail.com,01084018939,zkhboh Univ,N,Y,,,,,2,5,2023-01-05,2021-02-13,5,903320,ko
319,Ettie,Ettie,F,Ettie,2005-03-14,099m9a@gmail.com,01016421603,osacit Univ,N,Y,,,,,2,3,2022-02-10,2021-11-22,4,330680,en
320,Flossie,Flossie,M,Flossie,1995-08-21,lek2mq@gmail.com,01019745616,uiiqfx Univ,N,N,,,,,0,3,2021-06-15,2021-01-12,2,928832,ko
321,Hanna,Hanna,F,Hanna,1982-12-27,8semo7@gmail.com,01070843766,eynavn Univ,D,Y,,,,,5,5,2021-11-28,2021-02-03,5,985256,en
322,Letha,Letha,M,Letha,1970-01-29,qk2ol1@gmail.com,01078274978,kwmzxd Univ,D,N,,,,,3,5,2021-06-02,2021-09-15,4,695917,ko
323,Minta,Minta,M,Minta,1969-12-20,rb1qu7@gmail.com,01027650381,dfytnk Univ,S,N,,,,,5,5,2022-11-06,2021-01-28,4,469832,en
324,Retta,Retta,M,Retta,2009-09-29,o3ld47@gmail.com,01013630031,devvyk Univ,N,Y,,,,,3,3,2021-10-20,2021-01-25,3,373805,en
325,Rosella,Rosella,F,Rosella,2000-11-02,do059w@gmail.com,01019862964,lsmnwb Univ,S,N,,,,,1,4,2023-04-26,2021-01-04,3,965714,ko
326,Adah,Adah,M,Adah,1981-01-07,i9fc6v@gmail.com,01018484235,lyxrtr Univ,S,Y,,,,,1,1,2021-08-18,2021-07-24,5,709570,ko
327,Berta,Berta,M,Berta,1986-09-19,diedbs@gmail.com,01097770284,jnpirz Univ,N,Y,,,,,2,5,2021-01-08,2022-02-25,1,94193,en
328,Elisabeth,Elisabeth,F,Elisabeth,1996-03-26,q79kyv@gmail.com,01093031924,nvigtd Univ,D,N,,,,,0,0,2023-01-12,2021-02-09,1,915783,ko
329,Elise,Elise,M,Elise,1995-12-17,p65trz@gmail.com,01032720410,itxexw Univ,N,Y,,,,,1,2,2022-03-02,2021-01-26,4,265222,en
330,Goldie,Goldie,M,Goldie,1982-04-18,scp36i@gmail.com,01077469340,uxweiw Univ,D,Y,,,,,0,3,2021-07-06,2022-05-27,1,553122,ko
331,Leola,Leola,F,Leola,2020-11-27,8vakas@gmail.com,01046827468,ltutwv Univ,D,N,,,,,1,2,2022-08-16,2021-05-19,1,553193,en
332,Margret,Margret,M,Margret,1993-04-09,to47vp@gmail.com,01096025982,siklkp Univ,S,Y,,,,,4,4,2021-12-20,2022-05-06,2,371169,ko
333,Adaline,Adaline,F,Adaline,1969-02-18,nizoc7@gmail.com,01094335384,qvkuqd Univ,S,Y,,,,,5,5,2022-02-19,2021-07-12,0,530868,en
334,Floy,Floy,F,Floy,1996-12-27,old41s@gmail.com,01089279848,zqluqw Univ,S,N,,,,,2,3,2022-08-24,2021-05-16,4,318060,ko
335,Idella,Idella,F,Idella,1978-12-22,t8dl4x@gmail.com,01041195786,zsyohv Univ,S,Y,,,,,3,3,2021-04-20,2022-05-30,4,315026,en
336,Juanita,Juanita,M,Juanita,2007-07-02,7kpr7q@gmail.com,01093274319,fybumc Univ,D,N,,,,,3,5,2021-04-26,2022-08-30,1,135492,ko
337,Lenna,Lenna,F,Lenna,1997-03-05,nt0b8p@gmail.com,01041839326,podfvi Univ,D,Y,,,,,4,4,2021-02-23,2022-09-20,0,793952,ko
338,Lucie,Lucie,M,Lucie,1964-01-17,bjio66@gmail.com,01084138644,djtxwr Univ,N,N,,,,,1,4,2022-04-11,2021-02-13,5,653992,en
339,Missouri,Missouri,F,Missouri,1971-06-04,y9guvi@gmail.com,01069927563,kangdg Univ,D,N,,,,,1,1,2022-07-14,2021-06-16,1,491555,en
340,Nola,Nola,M,Nola,1992-02-06,v5dkqy@gmail.com,01027965551,liatcb Univ,S,Y,,,,,4,4,2021-11-03,2021-10-11,3,436791,ko
341,Zoe,Zoe,M,Zoe,2011-06-14,uz5xbu@gmail.com,01096836501,uuprlr Univ,D,N,,,,,0,1,2022-01-09,2021-03-08,1,124609,en
342,Eda,Eda,M,Eda,1975-06-30,3z81e5@gmail.com,01096428286,wosifa Univ,N,N,,,,,5,5,2022-10-23,2021-04-08,0,632459,en
343,Isabell,Isabell,F,Isabell,1980-07-02,cmzj23@gmail.com,01010200419,tmrgyz Univ,N,Y,,,,,5,5,2021-09-05,2021-04-11,1,734889,ko
344,James,James,F,James,1963-06-11,qhmr72@gmail.com,01087796393,nbflfy Univ,S,N,,,,,1,4,2022-06-20,2021-09-02,3,254395,en
345,Julie,Julie,F,Julie,1962-12-13,k3dsir@gmail.com,01071350772,bmmudo Univ,S,Y,,,,,2,5,2022-08-10,2021-03-14,3,584087,en
346,Letitia,Letitia,F,Letitia,1963-12-03,32urhj@gmail.com,01058403558,zeniww Univ,N,N,,,,,4,4,2021-04-07,2021-06-12,2,165156,en
347,Madeline,Madeline,F,Madeline,1994-01-30,af6tcu@gmail.com,01035629269,aqbjup Univ,N,Y,,,,,1,2,2021-08-12,2022-02-18,3,15799,ko
348,Malissa,Malissa,M,Malissa,2018-03-06,0ggit1@gmail.com,01083466401,elbzpm Univ,S,N,,,,,3,3,2022-10-19,2021-04-03,3,65211,ko
349,Mariah,Mariah,M,Mariah,1989-08-30,snydh7@gmail.com,01064962217,oylqgc Univ,S,Y,,,,,2,4,2021-08-15,2022-03-03,3,206164,en
350,Pattie,Pattie,M,Pattie,2019-03-15,auq6hn@gmail.com,01068760744,kgudmf Univ,S,N,,,,,4,5,2021-06-17,2022-01-15,5,626716,en
351,Vivian,Vivian,M,Vivian,1967-12-12,r7grx9@gmail.com,01064616046,blhhuh Univ,D,Y,,,,,5,5,2022-10-29,2021-06-19,0,676990,en
352,Almeda,Almeda,M,Almeda,2010-07-07,ulai1r@gmail.com,01028618270,tpsttr Univ,D,N,,,,,4,4,2021-09-16,2021-01-04,4,405282,ko
353,Aurelia,Aurelia,F,Aurelia,2004-12-05,cwmg2u@gmail.com,01014727284,wpjyjt Univ,S,Y,,,,,0,0,2022-08-17,2021-09-08,1,656163,en
354,Claire,Claire,M,Claire,2002-06-08,7a9uml@gmail.com,01034317385,watqey Univ,S,Y,,,,,1,3,2021-10-11,2022-07-07,4,87930,en
355,Dolly,Dolly,F,Dolly,2000-02-11,zykmkd@gmail.com,01088709369,nwinsn Univ,D,N,,,,,2,3,2022-12-31,2021-01-05,0,609356,ko
356,Hazel,Hazel,F,Hazel,2013-03-07,p8ux4p@gmail.com,01090244514,crtuan Univ,S,Y,,,,,5,5,2022-08-08,2021-06-12,2,284211,ko
357,Jannie,Jannie,F,Jannie,1963-11-28,geaq3s@gmail.com,01040967215,ozjirt Univ,S,Y,,,,,1,1,2021-12-26,2021-09-26,1,971981,en
358,Kathleen,Kathleen,M,Kathleen,2015-11-28,eu3wfm@gmail.com,01026579256,mxnkjz Univ,D,Y,,,,,2,3,2022-11-27,2021-05-22,2,638160,ko
359,Kathrine,Kathrine,F,Kathrine,2019-08-02,pk39um@gmail.com,01076699503,vucvwx Univ,D,Y,,,,,1,3,2021-08-18,2022-06-05,5,557284,en
360,Lavinia,Lavinia,M,Lavinia,1962-08-16,sxjft4@gmail.com,01094018125,yssora Univ,S,N,,,,,3,3,2021-03-19,2022-01-06,4,215319,ko
361,Marietta,Marietta,M,Marietta,1996-06-26,jn8u4f@gmail.com,01033840093,qugfzh Univ,N,Y,,,,,4,5,2022-06-18,2021-08-25,0,874441,en
362,Melvina,Melvina,M,Melvina,1967-04-12,0ygqyg@gmail.com,01051742819,qtdugw Univ,S,Y,,,,,1,2,2022-03-27,2021-12-22,4,186150,ko
363,Ona,Ona,F,Ona,2012-08-08,d1v223@gmail.com,01082454267,njaxjb Univ,S,Y,,,,,1,3,2022-06-26,2021-08-26,4,439063,en
364,Pinkie,Pinkie,F,Pinkie,2007-03-23,eevahx@gmail.com,01077806102,eiyvbp Univ,D,Y,,,,,2,5,2022-05-29,2021-03-15,0,503494,en
365,Samantha,Samantha,M,Samantha,1961-08-28,mj5lqj@gmail.com,01060642309,mzbimk Univ,N,Y,,,,,4,4,2023-02-08,2021-01-02,4,117753,en
366,Susanna,Susanna,F,Susanna,2003-03-14,b3mgxe@gmail.com,01082192002,xaojpo Univ,S,N,,,,,3,5,2022-12-01,2021-03-22,4,185262,ko
367,Chloe,Chloe,M,Chloe,1994-02-09,3q636g@gmail.com,01026554905,sgiwun Univ,D,N,,,,,1,2,2021-05-16,2021-02-03,3,260048,ko
368,Donnie,Donnie,F,Donnie,2007-12-20,m7k1pt@gmail.com,01027618097,potxvr Univ,N,Y,,,,,5,5,2023-02-18,2021-02-12,5,643936,en
369,Elsa,Elsa,F,Elsa,1967-09-23,e74ebp@gmail.com,01084121524,ygxuzq Univ,N,N,,,,,3,5,2021-08-27,2021-01-19,5,17997,ko
370,Gladys,Gladys,F,Gladys,1968-10-04,lkw4zw@gmail.com,01029668511,ussetc Univ,N,N,,,,,3,3,2021-05-05,2022-06-02,4,360304,en
371,Matie,Matie,F,Matie,1993-04-20,2wa74k@gmail.com,01028627260,zoveor Univ,S,N,,,,,3,5,2022-07-14,2021-02-14,5,23896,ko
372,Pearle,Pearle,F,Pearle,1988-12-09,xmzkku@gmail.com,01098657245,hrjkqi Univ,N,N,,,,,1,2,2021-06-03,2021-04-05,3,89782,ko
373,Vesta,Vesta,M,Vesta,1978-12-27,l2dmje@gmail.com,01050913896,snsfhh Univ,D,Y,,,,,3,3,2021-02-20,2021-03-31,1,683261,ko
374,Vinnie,Vinnie,M,Vinnie,1989-04-06,qeku74@gmail.com,01048253323,hizmwl Univ,N,Y,,,,,1,3,2022-06-21,2021-08-22,2,694527,ko
375,Antoinette,Antoinette,M,Antoinette,2009-05-25,blxors@gmail.com,01040043283,yvysfu Univ,D,Y,,,,,0,5,2022-08-03,2021-07-11,2,648762,en
376,Clementine,Clementine,F,Clementine,1966-08-12,rqzsdp@gmail.com,01090768486,rykwpj Univ,D,N,,,,,2,5,2021-09-09,2022-05-19,0,490394,en
377,Edythe,Edythe,M,Edythe,1987-03-19,26huks@gmail.com,01033479575,aeuhrj Univ,S,N,,,,,5,5,2021-04-04,2021-03-27,3,905968,en
378,Harriette,Harriette,M,Harriette,1997-08-22,2gnawu@gmail.com,01054332143,wdsybz Univ,N,N,,,,,1,2,2022-05-19,2021-11-02,3,524893,en
379,Libbie,Libbie,F,Libbie,2013-07-01,buu1g4@gmail.com,01029207923,lygsmn Univ,D,N,,,,,1,2,2021-09-08,2021-07-27,3,797136,ko
380,Lilian,Lilian,M,Lilian,1999-06-29,arp959@gmail.com,01024807888,bqkaih Univ,N,N,,,,,5,5,2022-07-25,2021-10-05,5,341618,ko
381,Lue,Lue,M,Lue,2016-10-27,n6jzi5@gmail.com,01041201802,qknwpu Univ,D,N,,,,,3,3,2021-04-11,2022-04-28,0,953044,ko
382,Lutie,Lutie,M,Lutie,2001-02-16,02am4l@gmail.com,01086524022,ckzeow Univ,S,Y,,,,,2,4,2021-04-11,2022-05-24,4,593362,en
383,Magdalena,Magdalena,F,Magdalena,1962-06-14,lb2xes@gmail.com,01098019501,rixwiz Univ,D,Y,,,,,2,5,2021-09-04,2022-03-23,3,325968,ko
384,Meda,Meda,F,Meda,2014-02-05,f5r51a@gmail.com,01027973595,fbejec Univ,S,N,,,,,0,2,2021-03-13,2021-12-14,2,883972,ko
385,Rita,Rita,F,Rita,1962-06-06,qjlz3s@gmail.com,01036575101,zqqvuh Univ,S,N,,,,,1,5,2021-02-01,2022-02-28,5,579056,ko
386,Tena,Tena,M,Tena,2008-10-26,0xwscx@gmail.com,01030165753,laurgn Univ,S,Y,,,,,1,2,2022-07-25,2021-02-19,5,158467,en
387,Zelma,Zelma,M,Zelma,1981-02-02,1djra6@gmail.com,01013065331,txqijc Univ,S,Y,,,,,5,5,2021-07-21,2022-01-23,5,844270,ko
388,Adelia,Adelia,F,Adelia,1991-01-25,xvtmb1@gmail.com,01041135282,udnxqx Univ,D,Y,,,,,0,2,2021-12-27,2022-03-10,5,9134,en
389,Annetta,Annetta,M,Annetta,1971-01-31,n87hht@gmail.com,01055823792,xsnmqx Univ,S,N,,,,,0,5,2021-08-07,2022-06-11,3,784526,en
390,Antonia,Antonia,M,Antonia,2011-04-02,ib7l12@gmail.com,01089411294,qplihc Univ,D,N,,,,,1,4,2022-06-04,2021-04-14,5,280954,ko
391,Dona,Dona,F,Dona,2004-01-25,z7mic1@gmail.com,01052549023,opeoxl Univ,D,Y,,,,,1,2,2022-11-14,2021-03-22,1,824185,en
392,Elizebeth,Elizebeth,F,Elizebeth,1997-10-15,801ekh@gmail.com,01024873029,cbqppo Univ,N,Y,,,,,0,2,2021-07-24,2022-01-12,5,980977,en
393,Georgianna,Georgianna,F,Georgianna,1996-10-31,2hfv9e@gmail.com,01034823983,ahmwvc Univ,S,N,,,,,5,5,2022-11-20,2021-03-18,4,495245,en
394,Gracie,Gracie,F,Gracie,1961-07-21,axv3e2@gmail.com,01058027039,tyjvxd Univ,N,N,,,,,1,2,2022-12-16,2021-03-27,0,826882,en
395,Iona,Iona,M,Iona,1988-07-23,80w62l@gmail.com,01033984303,khbrxs Univ,S,N,,,,,5,5,2021-01-25,2021-05-13,5,34533,en
396,Lessie,Lessie,M,Lessie,1969-05-17,xtzesv@gmail.com,01090270136,pwpmtj Univ,N,N,,,,,2,2,2023-04-21,2021-01-01,2,923271,ko
397,Leta,Leta,F,Leta,1982-09-27,wqoz9y@gmail.com,01016666431,iqvtgz Univ,D,N,,,,,1,4,2022-07-22,2021-03-30,0,37803,ko
398,Liza,Liza,M,Liza,1986-09-30,yigkrn@gmail.com,01019118423,obatqp Univ,N,N,,,,,2,2,2022-05-08,2021-01-25,3,647579,ko
399,Mertie,Mertie,M,Mertie,1963-02-02,pbzlbu@gmail.com,01023164350,xgpdfe Univ,S,Y,,,,,1,2,2022-03-03,2021-02-20,2,576380,ko
400,Molly,Molly,M,Molly,2007-07-26,pmypxa@gmail.com,01028165808,iqmjuy Univ,N,N,,,,,2,5,2022-07-07,2021-08-10,0,175848,ko
401,Neva,Neva,M,Neva,1984-11-15,7jd577@gmail.com,01035066865,ftpuig Univ,D,Y,,,,,1,2,2022-11-05,2021-03-11,3,46196,ko
402,Oma,Oma,M,Oma,1985-04-19,n9wrfc@gmail.com,01010373185,yxlfbe Univ,N,Y,,,,,0,2,2021-10-20,2021-10-03,2,79239,en
403,Alida,Alida,F,Alida,2007-06-25,zb6bkj@gmail.com,01087710393,kdogof Univ,D,N,,,,,3,5,2022-03-17,2021-11-14,4,213330,ko
404,Alva,Alva,M,Alva,2005-07-28,vbl0ch@gmail.com,01032355521,bybnpl Univ,D,Y,,,,,0,5,2023-02-10,2021-01-02,5,973648,ko
405,Cecile,Cecile,M,Cecile,2014-03-17,w0nx11@gmail.com,01046275402,umkoli Univ,D,N,,,,,0,2,2022-06-26,2021-02-17,3,726432,ko
406,Cleo,Cleo,M,Cleo,2011-11-19,j0ajnm@gmail.com,01075048488,gurmkn Univ,S,Y,,,,,0,2,2022-04-02,2021-02-04,1,648373,en
407,Donna,Donna,M,Donna,1970-05-26,dv8uyh@gmail.com,01033653618,niauht Univ,S,N,,,,,0,3,2021-06-18,2022-05-04,2,215931,en
408,Ellie,Ellie,F,Ellie,2008-11-05,991nla@gmail.com,01072084721,dotzul Univ,S,Y,,,,,1,2,2022-10-26,2021-06-16,4,898025,en
409,Ernestine,Ernestine,F,Ernestine,1988-03-08,80emom@gmail.com,01094051489,ieqgjf Univ,N,N,,,,,3,3,2021-08-31,2021-04-16,1,25337,ko
410,Evie,Evie,F,Evie,1976-08-19,vzhjmh@gmail.com,01082526151,lcnslm Univ,D,Y,,,,,4,4,2021-08-08,2022-06-04,0,904904,ko
411,Frankie,Frankie,F,Frankie,2013-07-29,a2f39e@gmail.com,01049905407,whazgt Univ,S,Y,,,,,4,4,2023-03-08,2021-01-19,5,452660,ko
412,Helene,Helene,F,Helene,2020-08-30,bo0thy@gmail.com,01054993310,udsvtf Univ,D,Y,,,,,1,1,2022-10-07,2021-03-26,4,439854,ko
413,Minna,Minna,F,Minna,1977-01-04,uj2deb@gmail.com,01093964952,nriawf Univ,D,N,,,,,4,5,2023-03-16,2021-02-14,4,610683,en
414,Myrta,Myrta,F,Myrta,1986-09-24,4uu9ej@gmail.com,01022330996,dywbgk Univ,N,N,,,,,5,5,2021-05-10,2021-03-01,1,665151,ko
415,Prudence,Prudence,F,Prudence,1996-12-06,v39nlv@gmail.com,01055174521,ecktry Univ,N,Y,,,,,1,4,2021-03-01,2022-11-15,4,509090,en
416,Queen,Queen,M,Queen,1995-05-25,uybodv@gmail.com,01082320607,jphugh Univ,D,N,,,,,0,2,2022-01-01,2021-03-23,2,189253,en
417,Rilla,Rilla,M,Rilla,2015-04-13,5q2sol@gmail.com,01088812703,xgqxqh Univ,N,Y,,,,,0,2,2022-12-02,2021-05-24,3,826509,en
418,Savannah,Savannah,F,Savannah,2008-05-01,yhv7o5@gmail.com,01036238718,smzxhr Univ,S,Y,,,,,1,2,2022-07-21,2021-06-06,5,654224,en
419,Tessie,Tessie,F,Tessie,2006-09-16,fdua09@gmail.com,01093984909,gnzofd Univ,S,Y,,,,,3,5,2021-04-08,2022-08-31,2,82480,en
420,Tina,Tina,F,Tina,2007-03-06,wy4bpi@gmail.com,01079295115,jvxqxk Univ,D,Y,,,,,4,5,2021-11-27,2021-03-31,2,300893,ko
421,Agatha,Agatha,F,Agatha,1974-08-04,9gbxwy@gmail.com,01040327982,izagph Univ,S,Y,,,,,4,4,2021-09-16,2021-01-29,4,294773,ko
422,America,America,M,America,2001-11-05,hkm7ke@gmail.com,01034939129,krkafq Univ,N,N,,,,,0,3,2021-06-08,2022-02-10,0,280382,ko
423,Anita,Anita,F,Anita,2007-03-15,c2pvxc@gmail.com,01085017681,jzkuqb Univ,D,N,,,,,4,5,2021-08-06,2021-07-25,2,227657,en
424,Arminta,Arminta,M,Arminta,1991-11-01,743wzm@gmail.com,01054640734,nnbwqu Univ,D,Y,,,,,0,3,2022-10-23,2021-05-19,5,121534,ko
425,Dorothea,Dorothea,F,Dorothea,1970-11-04,khsn1p@gmail.com,01086389214,qolanf Univ,N,Y,,,,,5,5,2023-03-03,2021-01-03,3,230031,ko
426,Ira,Ira,F,Ira,1991-04-07,nwv86h@gmail.com,01025991881,igkpff Univ,S,N,,,,,4,4,2023-04-29,2021-01-02,4,102528,ko
427,Luvenia,Luvenia,M,Luvenia,2013-02-03,8tmwfh@gmail.com,01083084869,dabpmc Univ,N,N,,,,,0,2,2021-11-10,2021-08-03,5,115990,en
428,Marjorie,Marjorie,M,Marjorie,2004-05-20,ei4vcc@gmail.com,01031915165,ulkbpn Univ,D,Y,,,,,2,5,2021-12-11,2022-04-02,2,219284,en
429,Maybelle,Maybelle,F,Maybelle,1965-09-11,97i8jw@gmail.com,01013644044,ljjwcd Univ,N,Y,,,,,3,5,2022-07-02,2021-08-27,2,883567,en
430,Mellie,Mellie,F,Mellie,2008-08-02,m7nf44@gmail.com,01054889977,vypovy Univ,N,Y,,,,,4,5,2022-01-25,2021-10-12,3,44263,ko
431,Nan,Nan,F,Nan,1988-08-15,fzlfks@gmail.com,01054743441,kfsgid Univ,D,Y,,,,,1,2,2021-09-26,2022-04-01,2,42295,en
432,Pearlie,Pearlie,M,Pearlie,2020-01-16,zuojcw@gmail.com,01019439807,unlkpy Univ,D,Y,,,,,4,4,2022-07-19,2021-05-06,5,516060,ko
433,Sidney,Sidney,F,Sidney,1978-07-30,0t5cur@gmail.com,01078806682,eljcpt Univ,N,N,,,,,0,5,2022-06-06,2021-07-08,0,857076,en
434,Velma,Velma,M,Velma,1991-04-17,1ghda3@gmail.com,01081692384,znxuxl Univ,S,Y,,,,,1,5,2021-12-06,2021-06-21,2,984786,en
435,Clare,Clare,F,Clare,2011-10-20,3rwyca@gmail.com,01095419953,einkdx Univ,S,N,,,,,0,1,2022-09-29,2021-02-20,5,828855,en
436,Constance,Constance,F,Constance,1975-08-19,nb3t2l@gmail.com,01091770632,lhirby Univ,S,N,,,,,4,5,2022-07-27,2021-06-27,4,9566,ko
437,Dixie,Dixie,M,Dixie,1976-07-13,99kx87@gmail.com,01068655351,mopeki Univ,D,Y,,,,,4,5,2021-03-04,2022-03-04,5,817519,en
438,Ila,Ila,M,Ila,2004-08-14,igvx7b@gmail.com,01033237938,hominu Univ,D,Y,,,,,3,3,2021-04-26,2021-05-22,3,180913,en
439,Iola,Iola,F,Iola,2002-07-02,iopizo@gmail.com,01043308635,xmzzhl Univ,S,Y,,,,,5,5,2021-12-19,2021-12-16,0,365355,en
440,Jimmie,Jimmie,F,Jimmie,1997-10-03,4cx0tj@gmail.com,01065679453,ojeqeu Univ,S,N,,,,,2,5,2021-08-12,2022-02-03,0,242604,ko
441,Louvenia,Louvenia,M,Louvenia,2014-01-01,zge5t0@gmail.com,01020229244,siiqxv Univ,S,N,,,,,2,4,2021-08-17,2021-12-25,3,962725,en
442,Lucia,Lucia,F,Lucia,1983-10-17,jzeuk2@gmail.com,01030488595,alvfzk Univ,S,Y,,,,,1,2,2021-12-01,2021-09-28,1,960112,ko
443,Ludie,Ludie,F,Ludie,2003-08-10,8sa4lk@gmail.com,01088966799,skhwxb Univ,D,N,,,,,0,5,2021-08-29,2022-01-03,4,583626,ko
444,Luna,Luna,F,Luna,2019-08-04,p3ecyw@gmail.com,01071980137,iyhrvh Univ,D,N,,,,,0,0,2023-02-22,2021-01-14,2,978084,en
445,Metta,Metta,F,Metta,1978-06-12,i6s86j@gmail.com,01020415898,rmewim Univ,S,Y,,,,,2,3,2023-02-14,2021-02-06,0,220932,en
446,Patsy,Patsy,F,Patsy,1976-08-28,iy5prf@gmail.com,01066760466,cjhdxv Univ,D,N,,,,,5,5,2022-03-07,2021-12-18,1,636080,ko
447,Phebe,Phebe,M,Phebe,2000-06-02,iylzka@gmail.com,01066148571,zjvjfj Univ,S,N,,,,,4,4,2021-01-09,2021-10-22,2,976930,ko
448,Sophronia,Sophronia,F,Sophronia,1985-03-30,rfdkw5@gmail.com,01087613207,jxydkn Univ,N,Y,,,,,4,4,2021-04-11,2022-09-08,1,484911,en
449,Adda,Adda,M,Adda,2002-03-07,ic1aio@gmail.com,01092671626,vyhphk Univ,S,Y,,,,,1,5,2022-12-03,2021-04-10,4,893393,ko
450,Avis,Avis,F,Avis,1984-11-13,kmey63@gmail.com,01022420583,tjahde Univ,S,N,,,,,0,4,2022-05-28,2021-06-29,3,116382,en
451,Betsy,Betsy,F,Betsy,1993-04-02,a64zve@gmail.com,01053457763,ggnbop Univ,N,Y,,,,,3,5,2022-11-18,2021-04-27,1,84974,en
452,Bonnie,Bonnie,F,Bonnie,1970-06-17,1j3tl1@gmail.com,01028665824,jkqfvn Univ,D,N,,,,,1,4,2021-10-25,2021-10-24,3,977929,ko
453,Cecil,Cecil,F,Cecil,1976-10-20,s2ujfr@gmail.com,01013125143,vievaa Univ,S,N,,,,,3,3,2022-10-09,2021-04-16,2,513114,ko
454,Cordie,Cordie,F,Cordie,1966-07-30,yktrxi@gmail.com,01080399696,ovxszq Univ,D,Y,,,,,4,4,2022-03-25,2021-03-26,0,137448,ko
455,Emmaline,Emmaline,M,Emmaline,2007-07-12,okw3ug@gmail.com,01036339506,lfulht Univ,N,N,,,,,5,5,2022-02-17,2021-02-02,3,866620,ko
456,Ethelyn,Ethelyn,M,Ethelyn,1969-10-01,x77h66@gmail.com,01076044354,fhtypm Univ,D,N,,,,,5,5,2021-09-18,2022-04-29,1,760459,en
457,Hortense,Hortense,M,Hortense,1971-07-28,wtlfjy@gmail.com,01023654134,clurzb Univ,S,N,,,,,3,4,2022-07-29,2021-01-26,0,18830,ko
458,June,June,M,June,2017-10-03,scqmk7@gmail.com,01046767746,ruwwrp Univ,D,N,,,,,2,2,2023-04-28,2021-01-03,1,664482,ko
459,Louie,Louie,M,Louie,2002-01-08,htuazk@gmail.com,01012738729,jyecif Univ,S,Y,,,,,3,5,2021-04-09,2022-07-27,3,933610,en
460,Lovie,Lovie,M,Lovie,2003-10-28,4cmln9@gmail.com,01032391101,cqeoqx Univ,N,Y,,,,,5,5,2023-01-14,2021-01-13,2,107211,en
461,Marcella,Marcella,M,Marcella,1965-01-22,1rosx9@gmail.com,01019840331,ekwqhr Univ,S,N,,,,,4,4,2023-04-02,2021-01-21,3,831515,en
462,Melinda,Melinda,M,Melinda,1969-12-28,woqnn7@gmail.com,01097765353,pnhpke Univ,D,N,,,,,2,3,2021-01-17,2021-05-20,1,229859,en
463,Mona,Mona,F,Mona,2008-02-12,8dfk3f@gmail.com,01081738067,edbbyf Univ,S,Y,,,,,3,3,2021-07-11,2022-07-20,3,488261,ko
464,Odessa,Odessa,M,Odessa,1962-01-18,5a1a2g@gmail.com,01042863804,lttkyp Univ,D,N,,,,,3,5,2021-08-25,2022-01-26,4,645147,en
465,Veronica,Veronica,M,Veronica,2016-07-27,eghzd6@gmail.com,01093621570,ypufnp Univ,D,N,,,,,3,3,2021-06-22,2021-05-26,1,552820,en
466,Aimee,Aimee,F,Aimee,2019-09-10,u9vh62@gmail.com,01092613443,yppplx Univ,N,N,,,,,5,5,2021-05-16,2022-01-16,1,615860,ko
467,Annabel,Annabel,M,Annabel,1986-01-26,terkj7@gmail.com,01034279634,szmgpr Univ,D,N,,,,,2,3,2021-10-29,2022-04-13,2,435124,en
468,Ava,Ava,F,Ava,1967-09-16,jc7rgi@gmail.com,01016203183,onuzzg Univ,N,Y,,,,,1,1,2021-09-13,2022-07-12,2,793362,ko
469,Bella,Bella,M,Bella,1988-06-04,v5my6p@gmail.com,01064975384,ycnfym Univ,D,Y,,,,,0,3,2022-04-08,2021-12-03,4,597040,en
470,Carolina,Carolina,F,Carolina,2019-07-21,l49h2s@gmail.com,01039615424,xaexhc Univ,S,Y,,,,,1,2,2022-05-23,2021-08-14,2,539934,en
471,Cathrine,Cathrine,F,Cathrine,1981-03-02,g4xe65@gmail.com,01093190094,segwyj Univ,N,Y,,,,,2,3,2021-08-22,2021-04-21,1,385875,en
472,Christena,Christena,M,Christena,1964-04-22,0vqfw2@gmail.com,01033619067,gzrgmn Univ,D,Y,,,,,1,4,2021-08-26,2022-08-21,5,682242,en
473,Clyde,Clyde,F,Clyde,1975-01-14,u87w1b@gmail.com,01032557442,ymhhtj Univ,N,Y,,,,,0,1,2021-07-31,2022-05-02,0,68797,ko
474,Dena,Dena,M,Dena,2020-03-09,v4am2a@gmail.com,01089067695,rfvqvg Univ,D,Y,,,,,2,3,2021-05-30,2022-09-22,2,555826,ko
475,Dolores,Dolores,M,Dolores,1973-10-16,cuiaoa@gmail.com,01023124049,altfme Univ,S,Y,,,,,1,3,2022-09-19,2021-01-21,0,3271,ko
476,Eleanore,Eleanore,M,Eleanore,2008-06-11,ymfma5@gmail.com,01034753765,ycheul Univ,N,N,,,,,0,3,2021-03-11,2021-06-16,3,479909,en
477,Elmira,Elmira,F,Elmira,2014-05-27,ayf1b2@gmail.com,01094861185,ukfxsj Univ,D,Y,,,,,2,2,2022-12-12,2021-04-25,2,148209,ko
478,Fay,Fay,F,Fay,2014-10-06,cyzaao@gmail.com,01065658025,dumxza Univ,N,Y,,,,,0,0,2022-12-04,2021-04-24,3,717728,en
479,Frank,Frank,F,Frank,1965-06-20,x0dyis@gmail.com,01066250113,jfyiia Univ,N,Y,,,,,1,3,2022-11-09,2021-01-07,3,595390,ko
480,Jenny,Jenny,M,Jenny,1992-06-26,wyp2bp@gmail.com,01091284754,tnmdyg Univ,N,Y,,,,,4,4,2021-12-27,2022-02-09,2,223461,ko
481,Kizzie,Kizzie,F,Kizzie,2019-07-13,wyhxf8@gmail.com,01083651402,sdeimr Univ,N,N,,,,,2,5,2021-10-29,2022-03-08,0,279979,ko
482,Lonnie,Lonnie,M,Lonnie,1987-10-19,vt7um0@gmail.com,01058865214,irwudq Univ,N,N,,,,,3,3,2023-04-05,2021-01-19,3,736028,en
483,Loula,Loula,M,Loula,2005-05-29,994oo5@gmail.com,01071780143,rncnas Univ,D,Y,,,,,0,3,2021-02-24,2021-09-16,2,891405,en
484,Magdalene,Magdalene,F,Magdalene,1968-02-02,s7anmu@gmail.com,01099971384,kybnpj Univ,S,N,,,,,0,4,2022-06-20,2021-07-28,5,122578,en
485,Mettie,Mettie,F,Mettie,1971-08-18,66i0yf@gmail.com,01091799537,vpmgmn Univ,D,Y,,,,,4,4,2021-09-24,2021-10-24,3,167265,ko
486,Mintie,Mintie,M,Mintie,1998-07-25,d0cvl2@gmail.com,01062177542,nfabac Univ,D,Y,,,,,5,5,2023-01-13,2021-02-09,0,562782,en
487,Peggy,Peggy,M,Peggy,1983-03-02,5lcvy0@gmail.com,01065396323,hprhjv Univ,D,N,,,,,3,4,2022-08-25,2021-06-03,0,103926,ko
488,Reba,Reba,F,Reba,1978-05-12,nqi73k@gmail.com,01048423602,qgpsbq Univ,D,Y,,,,,2,3,2021-04-08,2022-08-26,4,138811,ko
489,Serena,Serena,F,Serena,2018-05-31,cxbipd@gmail.com,01025516040,fzrcln Univ,D,N,,,,,4,4,2021-01-09,2021-06-10,1,574341,en
490,Vida,Vida,F,Vida,1975-12-07,33zuzi@gmail.com,01099565332,emqvky Univ,S,N,,,,,0,5,2023-01-13,2021-03-23,0,481456,ko
491,Zada,Zada,F,Zada,1975-08-08,su8pkc@gmail.com,01037222683,itarxz Univ,S,Y,,,,,3,4,2022-01-30,2021-10-21,2,175296,en
492,Abigail,Abigail,F,Abigail,1974-04-21,umr3il@gmail.com,01082567223,jtpzyj Univ,S,N,,,,,0,3,2022-03-24,2021-12-24,3,878059,en
493,Celestine,Celestine,F,Celestine,1992-01-01,a1tueo@gmail.com,01098357443,gythyd Univ,D,Y,,,,,1,4,2022-11-21,2021-03-13,4,135656,ko
494,Celina,Celina,F,Celina,1977-12-03,fuyovq@gmail.com,01022366907,ucqeea Univ,D,Y,,,,,1,2,2021-03-23,2021-10-27,0,11644,ko
495,Claudie,Claudie,F,Claudie,2000-09-09,st3lh6@gmail.com,01096220936,vszvsl Univ,D,N,,,,,3,5,2023-03-04,2021-01-15,4,216416,ko
496,Clemmie,Clemmie,F,Clemmie,2015-04-02,1ne5ns@gmail.com,01070305082,rikmjo Univ,D,Y,,,,,1,2,2023-04-27,2021-01-02,1,720486,en
497,Connie,Connie,M,Connie,1993-04-17,z7lc7f@gmail.com,01062790009,oyingl Univ,D,N,,,,,4,4,2022-12-24,2021-01-12,4,925673,en
498,Daisie,Daisie,M,Daisie,1994-07-03,f13k8k@gmail.com,01066791560,wlnvbc Univ,N,Y,,,,,3,3,2021-07-05,2022-04-20,4,904176,ko
499,Deborah,Deborah,M,Deborah,1981-06-24,lr0z3h@gmail.com,01063342453,wgomsw Univ,S,N,,,,,2,5,2022-07-31,2021-08-01,2,210268,ko
500,Dessa,Dessa,M,Dessa,1985-10-16,9lmz88@gmail.com,01067097504,fdfwih Univ,D,N,,,,,4,5,2021-10-30,2021-10-07,5,621009,ko
501,Easter,Easter,M,Easter,1978-08-02,9hsqvj@gmail.com,01044566820,wuchta Univ,D,N,,,,,0,2,2022-05-02,2021-02-13,3,60438,ko
502,Eddie,Eddie,F,Eddie,1999-04-09,miewlq@gmail.com,01053880244,oidlxf Univ,N,Y,,,,,1,5,2022-12-11,2021-05-19,5,736677,ko
503,Emelia,Emelia,F,Emelia,1961-12-16,lfqvf3@gmail.com,01088201982,oozahy Univ,N,N,,,,,0,3,2021-04-23,2022-05-09,4,108537,en
504,Emmie,Emmie,M,Emmie,2005-04-09,x7yc9g@gmail.com,01068342203,lsgcqo Univ,D,Y,,,,,4,5,2022-04-19,2021-07-06,1,904246,en
505,Imogene,Imogene,M,Imogene,2016-03-27,pm4s8i@gmail.com,01085867081,bglsql Univ,N,Y,,,,,2,4,2022-01-03,2021-01-05,4,186799,ko
506,India,India,F,India,2014-02-13,vfccks@gmail.com,01023362604,jqquyz Univ,D,N,,,,,2,4,2021-03-04,2022-11-21,4,579150,en
507,Jeanne,Jeanne,M,Jeanne,1987-07-05,stmfyf@gmail.com,01036960685,iiqjyt Univ,N,Y,,,,,3,3,2021-02-08,2022-07-25,2,828228,en
508,Joan,Joan,F,Joan,1982-05-22,9yccqc@gmail.com,01040622186,dbhady Univ,D,N,,,,,5,5,2022-08-02,2021-07-04,3,602542,en
509,Lenore,Lenore,M,Lenore,1997-07-25,zk47qw@gmail.com,01049725616,dxispx Univ,S,N,,,,,2,5,2022-07-13,2021-07-01,3,662347,en
510,Liddie,Liddie,M,Liddie,1986-07-08,ggiedu@gmail.com,01033557609,lqcboz Univ,S,Y,,,,,2,5,2022-05-18,2021-05-12,2,241584,ko
511,Lotta,Lotta,M,Lotta,2012-03-08,68mwq2@gmail.com,01082051331,wdzvjb Univ,S,Y,,,,,4,4,2022-03-12,2022-01-08,2,246319,en
512,Mame,Mame,M,Mame,2002-06-25,zv43in@gmail.com,01079671876,unhbtx Univ,N,Y,,,,,0,2,2021-11-17,2022-06-08,1,996687,en
513,Nevada,Nevada,M,Nevada,2015-04-04,p5a4mq@gmail.com,01030735492,jphppa Univ,S,N,,,,,3,5,2021-10-28,2021-03-30,3,67144,ko
514,Rachael,Rachael,M,Rachael,1968-08-12,g53p2j@gmail.com,01033291010,fduftv Univ,S,Y,,,,,2,3,2021-02-26,2022-03-26,0,594152,en
515,Sina,Sina,F,Sina,1961-03-31,ym6xr3@gmail.com,01045882312,affgvl Univ,N,Y,,,,,3,4,2022-08-09,2021-09-07,2,323487,ko
516,Willa,Willa,M,Willa,1973-05-27,rtg2dw@gmail.com,01022889755,dmetqo Univ,N,N,,,,,1,4,2021-03-12,2021-07-02,5,354790,en
517,Aline,Aline,M,Aline,1962-03-26,743uhh@gmail.com,01095801639,neimhk Univ,N,Y,,,,,4,4,2022-08-30,2021-05-11,4,651666,ko
518,Beryl,Beryl,M,Beryl,1984-02-09,msp77c@gmail.com,01064087684,fkaupf Univ,N,Y,,,,,0,3,2022-03-04,2021-10-23,0,322044,ko
519,Charles,Charles,M,Charles,2020-10-31,s26h7i@gmail.com,01055141188,xyuwhr Univ,S,Y,,,,,0,1,2021-05-07,2022-06-16,5,286114,ko
520,Daisey,Daisey,M,Daisey,1982-02-28,vwl2gg@gmail.com,01098038415,krbkqg Univ,S,Y,,,,,4,5,2022-04-01,2021-11-09,0,428749,en
521,Dorcas,Dorcas,F,Dorcas,2007-01-21,9bnn8h@gmail.com,01041972159,rwbbhy Univ,S,Y,,,,,3,5,2023-04-04,2021-01-24,0,238984,ko
522,Edmonia,Edmonia,M,Edmonia,1964-06-18,7m3hcx@gmail.com,01028074925,stxisv Univ,N,Y,,,,,3,4,2023-03-20,2021-01-08,4,284813,ko
523,Effa,Effa,M,Effa,1968-04-15,u20xah@gmail.com,01059199051,gxtyfm Univ,N,N,,,,,3,3,2022-09-28,2021-02-13,0,454379,ko
524,Eldora,Eldora,F,Eldora,2011-02-05,70ln7j@gmail.com,01028269506,wlpyhf Univ,D,Y,,,,,4,5,2021-09-25,2021-02-01,4,863691,en
525,Eloise,Eloise,M,Eloise,2007-05-04,v2kih2@gmail.com,01096126140,ycplkb Univ,N,Y,,,,,0,3,2021-05-02,2021-12-26,4,351980,en
526,Emmer,Emmer,M,Emmer,1963-11-06,3cot43@gmail.com,01057797919,nqsrxz Univ,N,N,,,,,2,3,2022-03-19,2021-12-20,0,46049,en
527,Era,Era,F,Era,1971-05-10,n7gc5s@gmail.com,01011116536,srlsep Univ,D,N,,,,,2,5,2021-03-30,2022-10-28,3,55383,ko
528,Gena,Gena,F,Gena,2008-08-26,e7rtut@gmail.com,01012945196,rjahoc Univ,N,N,,,,,3,5,2021-05-15,2021-05-09,2,629496,ko
529,Henry,Henry,F,Henry,1968-02-03,lcqtee@gmail.com,01044576080,eimqfy Univ,N,Y,,,,,0,3,2022-01-17,2022-01-27,2,480988,ko
530,Iris,Iris,F,Iris,1972-05-29,n2blme@gmail.com,01025463494,xllelx Univ,N,N,,,,,1,1,2021-10-18,2021-04-18,5,953106,en
531,Izora,Izora,F,Izora,1986-11-23,oecpfr@gmail.com,01036305889,upctca Univ,S,N,,,,,2,4,2021-07-13,2021-01-07,2,667089,ko
532,Lennie,Lennie,F,Lennie,2001-11-24,ox02w8@gmail.com,01021603708,wvcsao Univ,D,Y,,,,,4,5,2021-01-14,2021-02-23,1,305973,en
533,Lissie,Lissie,M,Lissie,1971-11-27,a4v3hd@gmail.com,01028422022,acpnft Univ,D,Y,,,,,5,5,2022-06-20,2021-01-17,3,844418,en
534,Mallie,Mallie,M,Mallie,1981-01-05,lub4sc@gmail.com,01026791808,qxaldx Univ,N,Y,,,,,0,1,2022-05-09,2021-09-21,2,997119,en
535,Malvina,Malvina,F,Malvina,2008-04-08,ugufzh@gmail.com,01059336659,kcvkia Univ,N,Y,,,,,0,3,2021-11-17,2022-01-14,1,56253,en
536,Mathilde,Mathilde,F,Mathilde,1964-03-19,098n88@gmail.com,01058643641,cwezzb Univ,N,Y,,,,,2,3,2023-01-23,2021-02-10,4,701599,en
537,Mazie,Mazie,F,Mazie,2012-01-02,fog172@gmail.com,01033620053,vvjjxw Univ,S,Y,,,,,2,2,2021-03-21,2022-04-30,2,392273,en
538,Queenie,Queenie,M,Queenie,1982-11-15,mh33xd@gmail.com,01062578423,eyhgjy Univ,D,N,,,,,0,4,2021-12-13,2021-09-15,5,15721,ko
539,Robert,Robert,F,Robert,1999-04-01,kq2w1y@gmail.com,01015185296,xnekue Univ,S,N,,,,,1,1,2021-09-26,2021-11-13,3,902939,en
540,Rosina,Rosina,F,Rosina,2003-11-10,0aam01@gmail.com,01022349883,ojjwnl Univ,S,Y,,,,,4,4,2021-09-23,2021-09-15,5,256131,ko
541,Salome,Salome,F,Salome,1967-08-08,evncmk@gmail.com,01030473502,cfqdtm Univ,D,Y,,,,,4,4,2023-03-15,2021-01-05,1,499158,ko
542,Theodora,Theodora,M,Theodora,2017-07-30,848uoy@gmail.com,01033322100,jzglsn Univ,D,Y,,,,,4,5,2022-07-08,2021-05-19,5,49760,ko
543,Therese,Therese,M,Therese,2001-02-20,t2vl6o@gmail.com,01046308126,xlxhyd Univ,N,Y,,,,,4,4,2021-12-08,2021-10-20,1,378579,ko
544,Vena,Vena,M,Vena,1960-06-01,mnlwkm@gmail.com,01046390669,qkjaij Univ,D,Y,,,,,3,4,2022-05-27,2021-06-03,3,81450,en
545,Wanda,Wanda,F,Wanda,2004-06-08,83s96a@gmail.com,01063853497,ojsyuv Univ,N,N,,,,,2,2,2023-02-16,2021-01-12,3,919619,ko
546,Wilda,Wilda,M,Wilda,1966-11-24,bku6nr@gmail.com,01041845411,xmzmew Univ,D,N,,,,,4,4,2021-08-13,2022-03-08,0,790593,ko
547,Altha,Altha,M,Altha,1963-11-17,0adziv@gmail.com,01084281734,falsjl Univ,D,N,,,,,2,4,2022-12-30,2021-04-04,3,607042,ko
548,Anastasia,Anastasia,M,Anastasia,1964-05-19,nc45vi@gmail.com,01078586358,rvefnc Univ,D,N,,,,,0,2,2023-04-10,2021-01-14,2,707180,ko
549,Besse,Besse,F,Besse,1967-09-14,36iimj@gmail.com,01085155117,chbpin Univ,S,N,,,,,3,5,2022-12-11,2021-03-26,3,98873,ko
550,Bird,Bird,F,Bird,1966-08-08,n8e0wy@gmail.com,01082612601,iwdxwm Univ,N,Y,,,,,5,5,2021-11-07,2021-06-29,5,519728,ko
551,Birtie,Birtie,F,Birtie,2012-03-16,1m6rsk@gmail.com,01067217069,qgckyp Univ,N,Y,,,,,4,5,2021-03-23,2022-05-03,2,890317,en
552,Clarissa,Clarissa,M,Clarissa,2011-05-14,ssjr44@gmail.com,01010222835,omgtyb Univ,D,Y,,,,,2,2,2021-01-14,2023-03-03,3,548150,ko
553,Claude,Claude,M,Claude,1985-12-18,5pnlgg@gmail.com,01015764773,suadim Univ,N,N,,,,,0,1,2022-06-10,2021-08-28,4,826016,en
554,Delilah,Delilah,F,Delilah,1979-12-12,8w00r2@gmail.com,01047734943,jpkysw Univ,S,Y,,,,,5,5,2022-05-19,2021-04-14,4,561121,ko
555,Diana,Diana,F,Diana,1992-01-05,ytauq5@gmail.com,01075351528,kqdymr Univ,D,N,,,,,5,5,2023-03-17,2021-01-17,3,784599,ko
556,Emelie,Emelie,F,Emelie,2002-04-21,gduog3@gmail.com,01029327920,qbrgyn Univ,N,N,,,,,2,4,2021-08-05,2022-08-17,1,568919,en
557,Erna,Erna,F,Erna,2020-04-14,7q9m0l@gmail.com,01060185888,euzomh Univ,N,Y,,,,,2,4,2021-03-09,2022-03-08,5,694957,ko
558,Fern,Fern,M,Fern,1982-03-14,fjngth@gmail.com,01088686268,yazqpi Univ,D,Y,,,,,1,4,2021-06-07,2022-08-04,5,509731,ko
559,Florida,Florida,M,Florida,1997-11-09,dw6co6@gmail.com,01081752751,lroxxl Univ,N,Y,,,,,0,1,2021-12-02,2022-03-23,3,470140,ko
560,Frona,Frona,M,Frona,1965-05-13,yciblc@gmail.com,01014183153,mmnkdf Univ,D,Y,,,,,1,5,2022-12-31,2021-04-15,3,159985,en
561,Hilma,Hilma,F,Hilma,1975-05-04,zcwjic@gmail.com,01063977772,irdfwj Univ,S,N,,,,,3,4,2022-06-04,2021-08-29,1,515973,ko
562,Joseph,Joseph,F,Joseph,1995-03-27,dabji2@gmail.com,01013976838,hbqkzk Univ,N,Y,,,,,5,5,2021-11-13,2021-02-10,1,754193,en
563,Juliet,Juliet,M,Juliet,2019-09-15,cblvvl@gmail.com,01049332338,cjqtkm Univ,N,N,,,,,0,4,2021-12-16,2022-03-09,0,996185,en
564,Leonie,Leonie,M,Leonie,2004-11-15,qnbgae@gmail.com,01061460817,bgejbt Univ,D,Y,,,,,2,4,2022-03-27,2021-05-15,1,383022,en
565,Lugenia,Lugenia,M,Lugenia,1969-12-25,cdtlfu@gmail.com,01097018855,gvhvuj Univ,N,N,,,,,3,3,2021-04-06,2021-01-03,3,500699,ko
566,Mammie,Mammie,M,Mammie,1982-08-08,rfrxgk@gmail.com,01060184998,zquxzy Univ,D,N,,,,,5,5,2022-09-12,2021-03-30,3,652934,ko
567,Manda,Manda,M,Manda,2000-05-05,bugbs9@gmail.com,01099685939,zacywn Univ,N,N,,,,,3,3,2021-01-12,2022-12-06,1,729106,ko
568,Manerva,Manerva,M,Manerva,2010-08-15,qd8kuj@gmail.com,01029886877,bqooxc Univ,N,Y,,,,,4,4,2022-07-01,2021-01-07,1,742121,en
569,Manie,Manie,F,Manie,1993-09-21,tsk2oo@gmail.com,01071006380,npcktt Univ,S,N,,,,,1,5,2021-07-07,2021-07-15,1,508679,ko
570,Nella,Nella,F,Nella,1962-06-22,0wjh70@gmail.com,01056758491,yvhxla Univ,N,N,,,,,5,5,2022-09-04,2021-02-25,0,930078,ko
571,Paulina,Paulina,M,Paulina,2020-10-13,ab7j01@gmail.com,01048150988,powbsy Univ,D,Y,,,,,4,5,2021-03-28,2022-10-25,2,252839,en
572,Philomena,Philomena,M,Philomena,2008-02-20,co0a1y@gmail.com,01087974728,eozaku Univ,S,N,,,,,5,5,2021-06-01,2022-07-16,4,834000,en
573,Rae,Rae,M,Rae,2018-01-05,y0f8sj@gmail.com,01059614957,cguhno Univ,D,Y,,,,,1,1,2021-10-06,2022-07-14,4,60213,en
574,Selina,Selina,M,Selina,1997-06-06,86gv87@gmail.com,01024190687,rfnmiz Univ,N,N,,,,,1,5,2022-06-12,2021-09-03,1,714056,en
575,Sena,Sena,M,Sena,2016-12-24,08dvjr@gmail.com,01071504029,xsfdub Univ,N,Y,,,,,1,5,2023-04-21,2021-01-08,0,186560,en
576,Theodosia,Theodosia,M,Theodosia,1967-03-25,qucgap@gmail.com,01019067378,chjunw Univ,D,N,,,,,5,5,2023-04-04,2021-01-03,4,113057,ko
577,Tommie,Tommie,F,Tommie,1980-12-24,lgmdjb@gmail.com,01058975990,mlrjkw Univ,D,Y,,,,,5,5,2021-12-29,2022-02-24,0,273357,ko
578,Una,Una,F,Una,2006-10-15,3zrcny@gmail.com,01072897930,ogxjgr Univ,D,N,,,,,0,3,2021-04-20,2021-08-23,5,46990,ko
579,Vernie,Vernie,M,Vernie,1969-06-07,wb8pkt@gmail.com,01055750625,vxjokl Univ,S,N,,,,,0,3,2021-08-29,2022-01-07,2,209715,ko
580,Adela,Adela,F,Adela,2014-06-09,xq832i@gmail.com,01081333711,ktfnji Univ,D,N,,,,,2,3,2022-12-29,2021-03-08,2,616660,en
581,Althea,Althea,F,Althea,1975-07-12,s5wya2@gmail.com,01017585845,pgqrxx Univ,N,N,,,,,1,3,2022-03-01,2021-11-08,0,783272,ko
582,Amalia,Amalia,F,Amalia,2018-01-28,ubnw4c@gmail.com,01092285576,rrfatk Univ,N,Y,,,,,0,4,2021-03-17,2022-02-12,1,93847,en
583,Amber,Amber,F,Amber,2002-08-12,o4d5aj@gmail.com,01034293087,vderen Univ,D,Y,,,,,5,5,2023-03-21,2021-01-17,1,516190,en
584,Angelina,Angelina,M,Angelina,1978-08-26,22n7v4@gmail.com,01077238100,oqhrko Univ,S,N,,,,,1,4,2022-11-20,2021-02-22,0,115590,ko
585,Annabelle,Annabelle,F,Annabelle,2001-02-26,a2kam3@gmail.com,01047012440,hzowkn Univ,D,N,,,,,4,4,2021-06-08,2021-12-19,5,641776,ko
586,Anner,Anner,F,Anner,1999-09-24,2jffwv@gmail.com,01010265571,skulng Univ,S,N,,,,,5,5,2021-01-17,2022-04-20,2,834146,ko
587,Arie,Arie,F,Arie,2008-11-13,ak3jgr@gmail.com,01047315412,rsxktg Univ,D,Y,,,,,2,2,2022-01-26,2021-02-10,0,651871,ko
588,Clarice,Clarice,F,Clarice,2011-11-20,1da0s2@gmail.com,01036060870,hhpsgt Univ,S,N,,,,,5,5,2021-05-18,2022-05-04,5,67362,en
589,Corda,Corda,F,Corda,2001-08-09,8ihiyx@gmail.com,01047184298,tvcsah Univ,D,Y,,,,,2,5,2021-12-03,2021-03-26,4,959635,ko
590,Corrie,Corrie,F,Corrie,1991-09-09,tskw9m@gmail.com,01093943774,jlbvih Univ,N,Y,,,,,4,5,2021-03-04,2021-02-13,0,414612,en
591,Dell,Dell,M,Dell,1974-07-29,gim7vz@gmail.com,01034942411,gmuzva Univ,N,Y,,,,,1,2,2021-10-09,2021-05-23,4,65544,ko
592,Dellar,Dellar,F,Dellar,2009-09-23,qo2oo8@gmail.com,01079309019,lqthjn Univ,N,Y,,,,,0,0,2021-08-22,2022-07-11,1,530687,ko
593,Donie,Donie,M,Donie,1973-11-08,ec8noz@gmail.com,01014339826,bpddlq Univ,S,N,,,,,0,0,2022-09-21,2021-01-25,0,404933,en
594,Doris,Doris,F,Doris,1970-08-30,gcozqw@gmail.com,01088927700,gfcuii Univ,S,Y,,,,,3,4,2021-02-25,2021-01-06,5,990695,en
595,Elda,Elda,M,Elda,2018-12-08,57f3eu@gmail.com,01036221507,vanxvh Univ,N,Y,,,,,5,5,2021-07-14,2021-05-24,3,985198,en
596,Elinor,Elinor,M,Elinor,1981-12-25,5oxqlk@gmail.com,01079240296,mvakkm Univ,D,Y,,,,,4,4,2022-05-28,2021-05-05,3,965415,en
597,Emeline,Emeline,F,Emeline,2009-05-20,2ujo92@gmail.com,01079658269,geswvy Univ,N,N,,,,,3,4,2021-06-25,2021-04-22,3,808324,ko
598,Emilia,Emilia,F,Emilia,1991-04-17,ddpyo5@gmail.com,01026592237,xwbodg Univ,D,Y,,,,,0,3,2023-01-24,2021-03-22,3,992492,en
599,Esta,Esta,F,Esta,1971-05-09,epa5t8@gmail.com,01021943748,pnepgo Univ,N,Y,,,,,0,3,2022-04-07,2021-07-09,2,536432,ko
600,Estell,Estell,M,Estell,1984-07-17,odmksw@gmail.com,01034139736,pgfqpu Univ,N,Y,,,,,3,5,2023-02-15,2021-03-06,3,614717,en
601,Etha,Etha,M,Etha,1962-07-23,b2jfvt@gmail.com,01056328243,gyeazf Univ,S,N,,,,,0,1,2021-05-09,2022-04-04,5,435752,en
602,Fred,Fred,F,Fred,1999-12-21,ys2cow@gmail.com,01053938896,zrlshx Univ,N,Y,,,,,3,4,2022-05-09,2021-09-04,1,929705,en
603,Hope,Hope,F,Hope,1999-04-28,5ffjqx@gmail.com,01050301303,hcnwyf Univ,D,N,,,,,0,1,2022-02-27,2021-11-16,1,995392,ko
604,Indiana,Indiana,F,Indiana,2020-03-31,gjtpym@gmail.com,01051002554,ojynys Univ,D,Y,,,,,2,4,2022-03-18,2021-01-28,4,570181,en
605,Ione,Ione,M,Ione,2009-08-07,d08rsm@gmail.com,01012666356,wtjtgf Univ,S,Y,,,,,1,4,2023-03-28,2021-01-17,2,76336,ko
606,Jettie,Jettie,M,Jettie,1968-12-30,eevo6l@gmail.com,01036469201,uhnfrb Univ,S,Y,,,,,0,4,2022-11-07,2021-06-02,3,27579,ko
607,Johnnie,Johnnie,M,Johnnie,2006-07-13,kdu9m2@gmail.com,01075099031,psugad Univ,D,N,,,,,5,5,2022-01-10,2021-09-24,3,620144,en
608,Josiephine,Josiephine,F,Josiephine,1977-01-21,juueur@gmail.com,01072093014,xiyukp Univ,S,Y,,,,,4,4,2021-09-08,2022-06-29,2,768102,en
609,Kitty,Kitty,M,Kitty,1986-12-08,sqy3wp@gmail.com,01022762723,egqbzv Univ,D,Y,,,,,5,5,2023-04-27,2021-01-04,5,887191,ko
610,Lavina,Lavina,M,Lavina,1974-12-03,od9ssl@gmail.com,01024107266,dnvrwi Univ,N,Y,,,,,5,5,2022-06-07,2021-02-22,5,124228,en
611,Leda,Leda,F,Leda,1984-02-14,hlwobk@gmail.com,01076858021,gjakgo Univ,D,N,,,,,1,2,2022-12-12,2021-02-23,3,33766,en
612,Letta,Letta,F,Letta,2002-07-26,yj6r6y@gmail.com,01040239714,qfgzzq Univ,S,N,,,,,4,5,2021-12-27,2022-02-21,2,125144,en
613,Mahala,Mahala,F,Mahala,2012-10-12,hkpxj2@gmail.com,01048071019,uvhxdf Univ,D,N,,,,,1,5,2022-01-31,2021-03-01,3,388378,en
614,Marcia,Marcia,F,Marcia,1979-04-18,amh0xz@gmail.com,01015021400,cjqhfg Univ,S,Y,,,,,4,4,2021-09-02,2021-12-01,4,172626,en
615,Margarette,Margarette,F,Margarette,2012-09-26,76lkhk@gmail.com,01039942508,wocqjt Univ,D,N,,,,,4,5,2021-01-05,2023-01-19,5,358566,en
616,Maudie,Maudie,M,Maudie,2015-02-03,8u9856@gmail.com,01086654917,yjnjqg Univ,D,Y,,,,,0,5,2021-01-01,2021-07-17,5,365782,en
617,Maye,Maye,F,Maye,1960-08-03,gxyqx1@gmail.com,01041354178,hwaxzp Univ,N,Y,,,,,4,5,2022-06-16,2021-06-16,5,536650,en
618,Norah,Norah,M,Norah,1961-04-26,c3sqk0@gmail.com,01073098963,wxaqnr Univ,D,Y,,,,,2,3,2022-09-20,2021-03-27,5,342032,en
619,Oda,Oda,M,Oda,2020-05-27,21clyh@gmail.com,01071192011,grmscg Univ,N,Y,,,,,2,5,2021-06-18,2022-08-30,5,465404,ko
620,Patty,Patty,F,Patty,2010-12-15,ir9gok@gmail.com,01030883624,shtasx Univ,D,Y,,,,,4,5,2022-02-16,2021-04-30,3,530301,ko
