id;name;gender;birthday;email;phoneNumber;school;job;major;level;
6;Margaret;F;2006-04-15;8gc1bv@gmail.com;01047772224;xgsysz Univ;S;N;5
7;Ida;F;1988-07-10;dlcd0a@gmail.com;01075235469;wucwno Univ;S;Y;4
8;Alice;F;1962-12-08;rjcyw5@gmail.com;01038782718;ezjmre Univ;N;Y;0
9;Bertha;M;1974-08-30;j924ia@gmail.com;01014328123;xlzwpi Univ;D;Y;4
10;Sarah;F;2007-09-09;ki1xmf@gmail.com;01044824485;sqsmmq Univ;S;N;2
11;Annie;F;1986-06-25;tkm03r@gmail.com;01014976699;ntaemj Univ;N;N;4
12;Clara;M;2010-05-28;zn5ufw@gmail.com;01079470457;cbijno Univ;S;N;0
13;Ella;F;2007-09-17;1fs29j@gmail.com;01040239186;gxwopy Univ;N;N;0
14;Florence;F;1999-02-01;kiesoi@gmail.com;01072306662;ftzlua Univ;D;Y;2
15;Cora;M;1975-01-26;e624qc@gmail.com;01073894563;apzvpm Univ;S;Y;2
16;Martha;F;1979-04-14;bz3v2z@gmail.com;01086313052;btyukb Univ;S;N;5
17;Laura;M;1989-01-09;o7pbv8@gmail.com;01024434923;ynnoun Univ;D;Y;1
18;Nellie;M;1963-07-27;5jvjqv@gmail.com;01022254127;trdide Univ;D;N;0
19;Grace;M;1965-08-23;0jn1o0@gmail.com;01041195204;cjvvrq Univ;D;Y;3
20;Carrie;F;1978-09-28;3aqncq@gmail.com;01021280558;pjdgzd Univ;S;N;2
21;Maude;M;2006-05-28;k2msad@gmail.com;01039362313;lpfhku Univ;N;N;3
22;Mabel;M;1987-06-20;xbq0su@gmail.com;01078900774;wrxwkk Univ;D;N;3
23;Bessie;M;1991-03-22;mcrfbr@gmail.com;01070474977;edchdf Univ;D;Y;3
24;Jennie;F;1972-06-05;p61ear@gmail.com;01099763152;fkbnhd Univ;D;Y;5
25;Gertrude;M;1973-08-21;lpq7ej@gmail.com;01088940688;agtfpn Univ;S;Y;2
26;Julia;F;1999-03-11;sjeyg9@gmail.com;01075974435;eetpqk Univ;S;N;4
27;Hattie;M;1978-02-23;bcavz9@gmail.com;01018592842;ynletj Univ;D;Y;1
28;Edith;F;1974-10-10;hittqc@gmail.com;01047502343;gctjju Univ;D;N;0
29;Mattie;F;1998-12-06;3uu50f@gmail.com;01023225261;cyuooa Univ;S;Y;0
30;Rose;F;1974-04-12;82r8o1@gmail.com;01078934917;zibgzj Univ;N;N;2
31;Catherine;M;1984-08-19;idxmh4@gmail.com;01031997564;awvraa Univ;S;Y;1
32;Lillian;M;1984-06-20;wqvmpd@gmail.com;01038398056;gwxnud Univ;D;N;5
33;Ada;M;1974-05-18;o2hb7k@gmail.com;01068156520;xtslsc Univ;D;N;3
34;Lillie;F;1975-05-18;ghm4p1@gmail.com;01052112157;mbflzk Univ;S;N;3
35;Helen;F;2013-04-12;cj0j7s@gmail.com;01099896846;nseuwa Univ;N;Y;3
36;Jessie;F;2019-07-27;0fhglp@gmail.com;01075176181;qchjpa Univ;D;Y;5
37;Louise;F;1969-12-15;ez1ng3@gmail.com;01073802575;afvsoa Univ;S;N;3
38;Ethel;F;1999-07-21;sjf12k@gmail.com;01086371708;dubbre Univ;N;Y;1
39;Lula;F;1991-04-19;775f2v@gmail.com;01099667173;jqdeqd Univ;N;Y;1
40;Myrtle;M;1998-03-30;0hb9xf@gmail.com;01073565678;tdmevm Univ;D;Y;3
41;Eva;F;2006-06-22;l91czk@gmail.com;01095091270;fwjodc Univ;D;Y;2
42;Frances;M;2009-12-01;c659gb@gmail.com;01056035408;uaxmhi Univ;S;N;3
43;Lena;M;2014-10-25;zntsa8@gmail.com;01011438740;jkfjqw Univ;S;Y;4
44;Lucy;M;1989-07-23;sei7d5@gmail.com;01044900923;zorsxp Univ;D;N;1
45;Edna;F;2017-10-29;mp4xom@gmail.com;01066929967;thwxfb Univ;D;N;4
46;Maggie;M;1961-01-01;gn76e7@gmail.com;01054573285;kwtcsz Univ;D;N;5
47;Pearl;M;2000-11-03;kwyzkm@gmail.com;01094973629;citdom Univ;D;Y;3
48;Daisy;F;2020-05-25;6jw0eh@gmail.com;01038467188;pxkwij Univ;N;N;1
49;Fannie;M;2005-08-28;o5fil5@gmail.com;01066879466;pcdygt Univ;D;N;1
50;Josephine;M;1995-12-15;y2bh34@gmail.com;01083893428;feevzt Univ;D;N;5
51;Dora;F;2000-01-03;ayd2c8@gmail.com;01071207848;crrokn Univ;D;N;3
52;Rosa;F;1970-11-08;g9iie1@gmail.com;01012409278;abuenw Univ;D;Y;1
53;Katherine;F;1975-01-17;p1ek5c@gmail.com;01025375419;cmlgrh Univ;D;Y;5
54;Agnes;M;1995-05-27;pq5opf@gmail.com;01081605063;yxksog Univ;D;Y;1
55;Marie;M;2009-06-08;utxuax@gmail.com;01024557356;yghtsn Univ;S;N;4
56;Nora;F;1982-02-23;oep89g@gmail.com;01089577677;weiqxl Univ;N;N;3
57;May;F;1995-05-27;694yoz@gmail.com;01026658496;kcmxqo Univ;N;N;2
58;Mamie;F;2011-03-13;u8su7h@gmail.com;01033291399;uqwfvf Univ;D;Y;4
59;Blanche;M;1999-05-12;b0o3dy@gmail.com;01083869740;acilui Univ;D;N;4
60;Stella;M;1968-07-13;k63kr6@gmail.com;01041285073;ehzqmp Univ;N;Y;5
61;Ellen;F;1983-02-27;led9fw@gmail.com;01019877991;qqmagr Univ;N;Y;0
62;Nancy;F;1963-02-25;903zhv@gmail.com;01097393785;dwmbzc Univ;S;Y;3
63;Effie;F;1992-09-18;qun2os@gmail.com;01087696662;gyzqbc Univ;D;Y;0
64;Sallie;M;1994-07-05;awk7w5@gmail.com;01014455708;rmfmgx Univ;N;N;1
65;Nettie;M;1980-09-21;q7tw0s@gmail.com;01087872560;kqgxet Univ;N;Y;0
66;Della;M;1965-05-13;7cy6kc@gmail.com;01055692098;rhazfu Univ;S;Y;3
67;Lizzie;M;2012-09-20;yspl8a@gmail.com;01073202154;vjjkzf Univ;D;N;5
68;Flora;F;1992-11-01;q73tl1@gmail.com;01077880665;vgaceb Univ;S;Y;5
69;Susie;M;1990-12-27;r2e2tu@gmail.com;01094078632;jtprsy Univ;N;N;3
70;Maud;F;2002-02-05;w2pwv7@gmail.com;01057760047;saecqb Univ;D;N;5
71;Mae;M;2016-11-04;lopvoc@gmail.com;01044212435;ahcvwd Univ;D;Y;3
72;Etta;F;2020-08-12;urn7go@gmail.com;01013805682;sfuymx Univ;N;N;4
73;Harriet;M;2015-04-29;qynk0k@gmail.com;01081640543;zutowq Univ;N;Y;2
74;Sadie;F;2010-06-07;mm7w3r@gmail.com;01070448615;sdtwkq Univ;S;Y;2
75;Caroline;M;2012-03-17;cwqwgg@gmail.com;01053226702;tznzil Univ;N;N;5
76;Katie;M;2017-06-03;d9ks6t@gmail.com;01079046778;bubhpe Univ;D;Y;0
77;Lydia;F;2020-03-24;8pujg6@gmail.com;01066398412;gmkomx Univ;N;N;2
78;Elsie;F;2010-09-30;i816a1@gmail.com;01092898895;opvrrt Univ;S;Y;4
79;Kate;F;2015-07-17;g058rv@gmail.com;01076588661;mjocpk Univ;N;Y;5
80;Susan;M;2018-06-10;ba1l41@gmail.com;01058604438;ynqtli Univ;S;Y;3
81;Mollie;M;1990-11-03;0spuib@gmail.com;01050690721;dztems Univ;N;N;4
82;Alma;M;2000-07-25;4xj42q@gmail.com;01026889959;pnsaip Univ;D;Y;3
83;Addie;M;1977-03-12;xhn1c5@gmail.com;01083385010;gbviku Univ;S;Y;3
84;Georgia;M;1963-03-31;6niln8@gmail.com;01024642475;pngffb Univ;S;N;3
85;Eliza;F;2012-01-04;pmznmr@gmail.com;01055053176;jyzjfp Univ;D;N;4
86;Lulu;F;1970-09-15;vi9zpb@gmail.com;01099461010;flfwgy Univ;S;Y;2
87;Nannie;M;1983-02-23;m9o2al@gmail.com;01065322063;kxwpec Univ;S;Y;1
88;Lottie;M;1989-06-07;imfok3@gmail.com;01026442560;ncnnrf Univ;S;Y;1
89;Amanda;M;2010-03-23;k3x5fj@gmail.com;01074643675;jcixsb Univ;S;N;5
90;Belle;F;2017-07-10;2apb1t@gmail.com;01027879052;askgyg Univ;N;Y;5
91;Charlotte;F;2018-06-22;bdlxbo@gmail.com;01099898747;fykdhx Univ;N;Y;4
92;Rebecca;M;1970-11-26;x7v5s7@gmail.com;01079603452;mhpyfa Univ;S;N;1
93;Ruth;F;2002-01-24;i2lcdy@gmail.com;01012907275;egubuy Univ;S;Y;5
94;Viola;F;1996-01-14;fq0uca@gmail.com;01084052043;oredot Univ;N;N;3
95;Olive;F;1970-11-25;izy6dg@gmail.com;01062839925;kcddzh Univ;N;Y;3
96;Amelia;F;1985-12-25;4oip6c@gmail.com;01055249511;zhnhiw Univ;D;Y;3
97;Hannah;F;2003-08-18;pfzypz@gmail.com;01085917973;lujkbh Univ;N;Y;1
98;Jane;F;1986-01-03;rez0qx@gmail.com;01047186542;gqjmmm Univ;S;Y;2
99;Virginia;F;2011-04-23;8emh0h@gmail.com;01048657317;lbdqec Univ;D;N;3
100;Emily;M;1988-05-31;v573gj@gmail.com;01079262393;vvbomo Univ;S;N;1
101;Matilda;F;1962-06-17;5as99w@gmail.com;01083732358;yuneoo Univ;D;Y;4
102;Irene;F;1984-06-11;fkrmoz@gmail.com;01061555780;xwebwi Univ;S;Y;1
103;Kathryn;M;1985-04-15;9faqyq@gmail.com;01043339467;xevwch Univ;S;N;5
104;Esther;F;1973-11-13;1m9lgj@gmail.com;01080643274;zvxsoh Univ;N;N;4
105;Willie;M;1996-01-09;9ifhmh@gmail.com;01048224607;lrfsul Univ;S;N;3
106;Henrietta;M;2011-10-13;66splk@gmail.com;01036579884;ycmvwl Univ;D;Y;1
107;Ollie;F;1986-07-17;sc6how@gmail.com;01097281757;jqeiiy Univ;N;Y;3
108;Amy;F;1968-01-24;mektyb@gmail.com;01085364073;wpaicb Univ;S;Y;4
109;Rachel;M;1963-07-17;2hluym@gmail.com;01042622192;jlcgbl Univ;N;Y;1
110;Sara;F;1996-05-09;bgwx0y@gmail.com;01089116955;vkjthx Univ;D;N;2
111;Estella;M;1986-11-24;wptxjj@gmail.com;01092978967;rybjeq Univ;N;N;2
112;Theresa;M;1979-01-10;spcwyg@gmail.com;01098087456;fmanmv Univ;S;Y;2
113;Augusta;M;1994-01-19;pks3fb@gmail.com;01015602475;htqimw Univ;D;Y;0
114;Ora;M;2001-09-15;ir8r9w@gmail.com;01079192488;zxbuwc Univ;S;N;0
115;Pauline;M;1987-12-03;dx03jg@gmail.com;01035658382;vwuuzs Univ;S;N;3
116;Josie;M;1966-06-27;qzw7b1@gmail.com;01088072888;mlenep Univ;S;Y;1
117;Lola;F;2016-03-21;dgbktc@gmail.com;01086431964;hmqdrx Univ;S;N;3
118;Sophia;M;1963-01-25;o8w6i4@gmail.com;01019670432;btmwcm Univ;S;Y;3
119;Leona;F;1963-01-06;pjr3kx@gmail.com;01040418218;waqejw Univ;D;N;4
120;Anne;F;1969-11-15;hammpe@gmail.com;01027199496;puhysq Univ;S;Y;2
121;Mildred;M;2020-02-10;lkxfcd@gmail.com;01058609233;njvunw Univ;N;N;3
122;Ann;M;1969-01-29;nqutfb@gmail.com;01031033284;yfcdxt Univ;N;N;5
123;Beulah;M;1964-01-24;0zhrbd@gmail.com;01026633445;ogjcsm Univ;S;N;2
124;Callie;F;2010-07-25;q9w8q7@gmail.com;01021991391;qoybvu Univ;S;Y;0
125;Lou;F;1993-07-20;k7knh5@gmail.com;01025531737;omkeui Univ;D;Y;0
126;Delia;F;2013-05-10;jgbqda@gmail.com;01065738022;lwfpdg Univ;S;Y;5
127;Eleanor;F;1988-08-22;739evh@gmail.com;01057109725;qpwdxk Univ;D;N;3
128;Barbara;F;1971-03-25;4onmq3@gmail.com;01063373734;trzpia Univ;S;Y;0
129;Iva;M;2001-11-03;1vhiv2@gmail.com;01023822032;qbbhid Univ;S;N;3
130;Louisa;M;1964-05-22;x7r3xo@gmail.com;01059180608;iirfmu Univ;D;Y;0
131;Maria;F;1981-10-15;77l453@gmail.com;01041350187;nycasy Univ;S;Y;2
132;Mayme;M;1992-03-07;6anm0p@gmail.com;01023056982;nzenho Univ;S;N;0
133;Evelyn;M;1995-09-13;nut9x1@gmail.com;01030509903;jpoxgo Univ;D;N;5
134;Estelle;F;1981-04-18;kyp6zm@gmail.com;01086776993;aawmhd Univ;N;Y;5
135;Nina;M;2008-10-12;5gxap0@gmail.com;01082850127;dzmcrb Univ;S;N;5
136;Betty;F;1986-01-15;c8liqx@gmail.com;01027883792;mrvtni Univ;D;N;0
137;Marion;M;1998-05-20;fzzc1d@gmail.com;01063542860;kuussc Univ;D;N;3
138;Bettie;M;2012-10-10;drgxtb@gmail.com;01093668653;ccjleb Univ;D;Y;1
139;Dorothy;M;1990-08-05;c558x7@gmail.com;01090078809;lkdayu Univ;S;Y;0
140;Luella;M;2004-02-24;qq962b@gmail.com;01032027960;kznssf Univ;D;N;2
141;Inez;M;2011-03-24;43cvkh@gmail.com;01075819018;mncwyy Univ;S;Y;0
142;Lela;F;1973-02-12;nrc4cg@gmail.com;01051016450;agcmjw Univ;D;N;0
143;Rosie;M;2008-10-01;j850xn@gmail.com;01067311275;bftqrd Univ;D;N;0
144;Allie;M;2014-09-18;9riveq@gmail.com;01044748242;vydtvn Univ;S;Y;4
145;Millie;M;1988-02-16;bth5ws@gmail.com;01079792152;ftbqcu Univ;S;Y;2
146;Janie;F;2009-06-25;yet98p@gmail.com;01076565556;xkysne Univ;S;Y;0
147;Cornelia;F;2011-07-04;70ccnt@gmail.com;01058726580;kususr Univ;N;Y;4
148;Victoria;M;1983-11-04;hkwnta@gmail.com;01097373278;kkwloi Univ;N;N;0
149;Ruby;F;1991-07-15;sg0hzf@gmail.com;01084772840;aydbee Univ;S;Y;3
150;Winifred;M;1975-05-03;mokulr@gmail.com;01035430702;ibeepc Univ;D;N;0
151;Alta;F;1966-10-30;m76ij8@gmail.com;01035475944;agndel Univ;N;Y;3
152;Celia;M;2016-12-27;bwk5x1@gmail.com;01014234483;wnqijy Univ;S;N;1
153;Christine;F;2006-04-17;fzsms8@gmail.com;01062027946;krguzh Univ;D;N;1
154;Beatrice;M;1987-07-06;6xzt82@gmail.com;01077579847;dnwbxr Univ;D;N;4
155;Birdie;F;1991-04-02;2ubhj2@gmail.com;01051687573;jiutqd Univ;N;N;2
156;Harriett;F;1977-04-10;9bm9uc@gmail.com;01087438903;ngkhen Univ;S;N;3
157;Mable;F;2007-10-08;fbkabl@gmail.com;01021073750;djjcrh Univ;D;Y;3
158;Myra;F;1980-11-19;9f0wel@gmail.com;01087954211;kvnymw Univ;S;Y;0
159;Sophie;M;1963-10-02;92480f@gmail.com;01037273976;axxonb Univ;D;N;2
160;Tillie;M;1992-06-04;am9185@gmail.com;01025294642;cxertp Univ;S;Y;5
161;Isabel;M;1998-11-07;npd2qi@gmail.com;01059575069;masehe Univ;D;N;1
162;Sylvia;M;1985-09-19;0nik4h@gmail.com;01075290485;cdaraf Univ;D;Y;4
163;Carolyn;M;2001-04-02;2040p9@gmail.com;01020587822;igerxr Univ;N;Y;5
164;Isabelle;F;1976-02-04;daizex@gmail.com;01094365439;ttzsfe Univ;S;N;4
165;Leila;F;2019-04-24;otjybi@gmail.com;01024176362;vmczuk Univ;D;N;4
166;Sally;F;2017-01-13;deb3hj@gmail.com;01071312014;irhxtu Univ;S;Y;5
167;Ina;M;2011-04-08;n4n57h@gmail.com;01028180649;wsjnwt Univ;S;N;3
168;Essie;M;1992-11-08;hwu00h@gmail.com;01062184027;khhxmf Univ;S;N;0
169;Bertie;M;1966-02-02;stuja1@gmail.com;01079266591;fwcwtw Univ;D;Y;0
170;Nell;F;1995-12-02;j7833j@gmail.com;01015499183;serqla Univ;D;N;0
171;Alberta;M;1967-09-09;b7xem5@gmail.com;01023437131;luinfi Univ;N;N;2
172;Katharine;M;2014-11-21;pb0eqp@gmail.com;01069483207;fwtfzi Univ;N;Y;4
173;Lora;F;1994-09-11;ty1yv8@gmail.com;01081916867;zpslcq Univ;N;N;0
174;Rena;M;2019-01-31;54n0a1@gmail.com;01063563079;pzsuqb Univ;N;N;1
175;Mina;F;1998-08-14;yq4ybf@gmail.com;01053041214;ujffcl Univ;N;N;3
176;Rhoda;F;2019-07-25;o886cq@gmail.com;01022298784;shrzds Univ;D;Y;2
177;Mathilda;F;1999-11-21;gybzpq@gmail.com;01092241477;drzddp Univ;D;Y;5
178;Abbie;F;1996-01-10;h9muxc@gmail.com;01010516632;cdhvbo Univ;S;Y;4
179;Eula;F;1992-02-20;xbxupu@gmail.com;01076620177;iayenv Univ;N;N;4
180;Dollie;F;1998-02-26;q0805j@gmail.com;01080346175;wjwpcb Univ;D;N;0
181;Hettie;F;1990-08-13;x90eho@gmail.com;01041302822;fgfudk Univ;D;Y;3
182;Eunice;F;1963-04-07;0h0xxn@gmail.com;01089831685;zijozf Univ;N;Y;2
183;Fanny;F;2006-11-05;f971vl@gmail.com;01024135413;reaedx Univ;S;N;4
184;Ola;F;1967-04-22;g1725w@gmail.com;01029839081;pdrpix Univ;S;Y;0
185;Lenora;M;1983-12-08;6pm7qg@gmail.com;01089844634;ikqzxh Univ;N;Y;3
186;Adelaide;M;1968-06-08;r81656@gmail.com;01020410085;rnuyeq Univ;N;Y;4
187;Christina;F;2020-05-03;l616wz@gmail.com;01046292677;vkbzlk Univ;S;Y;2
188;Lelia;M;1962-05-04;325l9h@gmail.com;01044036185;vvbqzr Univ;S;N;1
189;Nelle;F;2007-04-19;av5ny6@gmail.com;01013693845;srivad Univ;N;N;2
190;Sue;M;1978-10-07;djnv2e@gmail.com;01028725382;bxjuou Univ;S;N;1
191;Johanna;F;1975-01-11;1642l8@gmail.com;01029020446;whidok Univ;S;N;5
192;Lilly;F;1969-08-23;4w3wol@gmail.com;01044398468;wtmvsd Univ;N;N;3
193;Lucinda;M;1999-10-04;456t55@gmail.com;01022105024;azyvhc Univ;D;N;0
194;Minerva;M;1993-06-21;90pz97@gmail.com;01057755359;kpectj Univ;S;Y;4
195;Lettie;F;1983-11-11;x13ntd@gmail.com;01075046396;vuyhjm Univ;S;N;2
196;Roxie;M;2015-07-07;4a8pb7@gmail.com;01096319503;vdkqdx Univ;N;Y;4
197;Cynthia;F;1972-02-08;hndlg6@gmail.com;01044983896;gaqzwe Univ;S;N;4
198;Helena;M;1990-08-15;ttytgc@gmail.com;01046328509;rnebrn Univ;D;Y;2
199;Hilda;M;2017-10-12;ftmfvx@gmail.com;01014424644;qlrhgr Univ;D;Y;0
200;Hulda;M;1979-09-26;mr8l4v@gmail.com;01047951207;wvpgop Univ;S;N;1
201;Bernice;F;2008-04-13;62ewhf@gmail.com;01099747990;tsgpom Univ;D;Y;4
202;Genevieve;M;1974-08-24;u0liv2@gmail.com;01035924495;rgvtwb Univ;D;Y;1
203;Jean;M;2020-07-27;gnhpxz@gmail.com;01074562758;hfqvlo Univ;N;Y;1
204;Cordelia;M;1989-01-13;p0hb0k@gmail.com;01036965177;rhrahi Univ;N;Y;1
205;Marian;M;1992-11-22;hipwpa@gmail.com;01032923220;geummh Univ;N;N;3
206;Francis;F;1987-10-04;5s333j@gmail.com;01068392670;vjtmob Univ;D;Y;3
207;Jeanette;F;1998-06-24;u959j4@gmail.com;01091455283;fhhawm Univ;S;Y;0
208;Adeline;M;1961-01-30;4lsibz@gmail.com;01092824404;itklbr Univ;S;Y;5
209;Gussie;M;1967-02-22;8ag5kp@gmail.com;01057950733;gaeoyk Univ;S;N;3
210;Leah;M;1962-03-12;khebgk@gmail.com;01048831845;tpaemv Univ;D;N;3
211;Lois;M;1989-03-05;0ituae@gmail.com;01025327256;idauof Univ;S;Y;3
212;Lura;M;1992-11-30;l4a8gd@gmail.com;01074149415;llscpw Univ;S;Y;5
213;Mittie;M;2000-06-01;mi995u@gmail.com;01038802354;jofgul Univ;D;N;1
214;Hallie;M;2019-10-01;18hnr8@gmail.com;01080712612;rugova Univ;N;N;1
215;Isabella;F;1972-12-26;d5hvk4@gmail.com;01042228799;sfexve Univ;N;N;3
216;Olga;M;1971-09-11;8gbeez@gmail.com;01026487698;etxxrq Univ;D;Y;4
217;Phoebe;M;1962-12-29;eefwo1@gmail.com;01065723236;ezvnlf Univ;S;Y;4
218;Teresa;F;1975-09-12;b9yqvj@gmail.com;01023178238;tvjwco Univ;N;N;3
219;Hester;M;1983-11-14;ld7d93@gmail.com;01096853425;zaqefm Univ;S;N;3
220;Lida;F;2014-05-31;fh1wka@gmail.com;01038165224;ioadzc Univ;N;Y;0
221;Lina;F;1994-08-25;icny1b@gmail.com;01061368649;flfpgh Univ;N;Y;3
222;Winnie;M;2014-12-03;gh5e4x@gmail.com;01097672663;zjcbvb Univ;N;Y;0
223;Claudia;F;2013-11-15;cce1sd@gmail.com;01025140234;zdkmoc Univ;S;N;3
224;Marguerite;M;2020-11-13;4hi0f4@gmail.com;01095280934;izvfhq Univ;N;Y;1
225;Vera;M;1995-03-10;sq1bdq@gmail.com;01082224895;mzupop Univ;S;N;4
226;Cecelia;F;1982-05-05;go35pm@gmail.com;01075174309;wegssh Univ;S;N;4
227;Bess;F;2019-02-17;47y1s0@gmail.com;01018719309;gmqpde Univ;N;N;3
228;Emilie;F;1985-12-26;b1a6bb@gmail.com;01092473817;hnripn Univ;S;Y;5
229;John;M;1967-04-09;64r4u1@gmail.com;01041653832;nefdai Univ;S;Y;5
230;Rosetta;M;1997-02-04;2ac82p@gmail.com;01030322535;jqukal Univ;N;Y;0
231;Verna;M;2007-06-25;45hjv0@gmail.com;01029541151;uhpxtf Univ;N;N;2
232;Myrtie;F;1994-09-29;get1gq@gmail.com;01085721127;gzuwke Univ;N;Y;3
233;Cecilia;F;1995-04-21;acbfwz@gmail.com;01014684740;clfftx Univ;S;N;1
234;Elva;M;1974-12-01;nzmn42@gmail.com;01038838075;aodekv Univ;D;Y;2
235;Olivia;M;1995-06-26;pgojip@gmail.com;01029060063;etdtok Univ;S;Y;3
236;Ophelia;F;1979-08-19;3ro791@gmail.com;01096746998;mwcadm Univ;S;Y;2
237;Georgie;M;1961-10-16;bh9lae@gmail.com;01066408310;xnunli Univ;D;N;1
238;Elnora;M;1996-08-28;4fe8gh@gmail.com;01090065018;tbgtjn Univ;S;N;5
239;Violet;F;1969-01-05;jtnf6a@gmail.com;01060626782;doosss Univ;S;N;3
240;Adele;M;1979-07-04;y3z9vf@gmail.com;01031071933;srswhs Univ;D;Y;1
241;Lily;F;1967-01-26;32wmev@gmail.com;01027977884;gmtrgm Univ;S;Y;3
242;Linnie;M;2001-12-30;hcb57l@gmail.com;01062809996;gpxcjv Univ;N;N;2
243;Loretta;M;1997-12-07;r2der5@gmail.com;01026732465;lfvbji Univ;N;N;2
244;Madge;F;2004-07-27;u1izot@gmail.com;01094826159;gecijn Univ;S;Y;3
245;Polly;M;1971-04-18;nf4evq@gmail.com;01093938036;mlmfek Univ;D;Y;2
246;Virgie;M;1970-06-13;yqb9c8@gmail.com;01072813785;ccizoa Univ;N;Y;2
247;Eugenia;M;1996-07-21;utywgy@gmail.com;01092329029;bebfuu Univ;S;Y;4
248;Lucile;M;1992-06-24;v3w7ej@gmail.com;01099858810;gnnisk Univ;N;N;2
249;Lucille;M;2001-05-26;4gbsqy@gmail.com;01016600607;luhngw Univ;N;Y;3
250;Mabelle;F;1977-06-24;xs8qc6@gmail.com;01054128825;tdoosg Univ;S;N;5
251;Rosalie;M;2019-11-06;yrilsf@gmail.com;01038786069;akgyav Univ;D;Y;3
252;Kittie;M;2017-02-13;ytn8y9@gmail.com;01038833487;axbdcy Univ;D;N;5
253;Meta;F;2006-02-22;ncrf6n@gmail.com;01043072277;lrnrui Univ;N;N;3
254;Angie;M;2009-01-01;binjnj@gmail.com;01041477100;iulyox Univ;D;Y;5
255;Dessie;M;2005-12-09;xet5o7@gmail.com;01019419315;ljpbgj Univ;S;N;2
256;Georgiana;M;2001-02-10;8r4ojm@gmail.com;01018032522;btvefx Univ;N;N;0
257;Lila;M;1970-10-07;oov6g3@gmail.com;01044117123;lowqnz Univ;D;N;0
258;Regina;M;1996-10-22;crokpo@gmail.com;01044622610;mgfeed Univ;D;N;3
259;Selma;F;1997-04-29;7mcusu@gmail.com;01023612725;lxtctq Univ;D;N;0
260;Wilhelmina;F;2001-04-25;4i1qnn@gmail.com;01039071647;wjiced Univ;S;Y;5
261;Bridget;M;1972-08-07;780hbt@gmail.com;01071761942;thhgrf Univ;D;Y;1
262;Lilla;M;1996-12-22;v0r426@gmail.com;01072812583;jqaeyr Univ;N;N;5
263;Malinda;M;2019-10-05;ckeasu@gmail.com;01077860286;hwbqiz Univ;D;Y;1
264;Vina;M;1976-10-31;tfs3rz@gmail.com;01089152132;abwavu Univ;D;Y;4
265;Freda;M;2012-04-26;cfo6da@gmail.com;01083881047;keesjm Univ;D;Y;0
266;Gertie;M;1992-05-30;av0idc@gmail.com;01055492793;hzelxy Univ;S;Y;3
267;Jeannette;F;2015-05-03;m7oa6h@gmail.com;01077766496;evpjoy Univ;S;Y;5
268;Louella;F;1991-05-27;oeanh4@gmail.com;01069409553;zsytmg Univ;N;N;4
269;Mandy;M;1960-12-06;rn0x9f@gmail.com;01092004379;utkppz Univ;S;N;1
270;Roberta;F;1979-03-19;wv5w90@gmail.com;01056216966;plonpc Univ;N;Y;3
271;Cassie;M;1985-05-13;fixdj4@gmail.com;01074189789;nxqlts Univ;S;N;0
272;Corinne;F;2006-08-11;n1mudg@gmail.com;01076385432;gpllzf Univ;N;Y;3
273;Ivy;M;1960-11-18;y7bq97@gmail.com;01050992720;plbtxy Univ;S;Y;1
274;Melissa;F;1994-09-14;m695b8@gmail.com;01023979571;mfpajn Univ;N;N;0
275;Lyda;M;1983-09-17;xpkv96@gmail.com;01069046651;iewbfs Univ;N;N;5
276;Naomi;M;1990-03-19;qqwk1y@gmail.com;01071341043;lytrwa Univ;S;Y;3
277;Norma;F;1991-09-15;figw30@gmail.com;01013019944;cjkjoo Univ;D;Y;0
278;Bell;F;1979-04-22;nvv2m8@gmail.com;01087153619;uqqtos Univ;N;Y;4
279;Margie;M;1982-12-06;b9wp0k@gmail.com;01036855610;uobsiz Univ;S;N;1
280;Nona;M;1971-06-05;bpx2dl@gmail.com;01032402747;lvggit Univ;D;Y;2
281;Zella;F;1971-08-25;nwtzze@gmail.com;01069876105;vpqriw Univ;S;N;3
282;Dovie;F;2005-12-06;ns9b7c@gmail.com;01036596187;lbghga Univ;N;N;4
283;Elvira;M;1991-08-15;ovdgsr@gmail.com;01055495612;iitgki Univ;N;N;4
284;Erma;M;1981-12-18;v5hnwv@gmail.com;01016399040;qkcxir Univ;N;N;1
285;Irma;M;1995-12-07;7987lh@gmail.com;01015639142;ljxsmg Univ;N;N;5
286;Leota;M;1972-03-27;7veoso@gmail.com;01093696171;vzknfl Univ;S;Y;5
287;William;F;1967-08-11;8iwdwz@gmail.com;01077355924;zvfiab Univ;N;Y;2
288;Artie;M;2006-10-23;5shti4@gmail.com;01089920425;xryrko Univ;D;N;1
289;Blanch;M;1985-04-20;bzivb3@gmail.com;01041381380;lcxtxv Univ;S;Y;4
290;Charity;M;1988-04-20;4itne1@gmail.com;01080138041;htzlpc Univ;D;Y;0
291;Lorena;M;1970-09-24;1q7bpu@gmail.com;01074460562;erlbjl Univ;N;Y;0
292;Lucretia;F;1976-03-24;ms0mcv@gmail.com;01063498539;fhjxiv Univ;S;Y;1
293;Orpha;F;1989-04-07;cxcvk1@gmail.com;01033451610;gcoruw Univ;S;N;1
294;Alvina;M;2017-09-16;c2lbt8@gmail.com;01096912285;doswug Univ;N;N;3
295;Annette;M;1982-08-10;lq86ot@gmail.com;01098315188;jfpqek Univ;S;N;1
296;Catharine;M;2001-04-01;wc71y5@gmail.com;01038876684;bmugvp Univ;N;N;5
297;Elma;F;1985-02-28;74fpkk@gmail.com;01015323034;bqfqse Univ;S;N;2
298;Geneva;F;1979-10-19;jc6w30@gmail.com;01054619458;kqjmay Univ;S;N;5
299;Janet;F;1999-06-28;yrlaz9@gmail.com;01061978371;pgxzpj Univ;N;Y;0
300;Lee;M;1961-06-03;ijlr5b@gmail.com;01099803586;yconhb Univ;S;N;5
301;Leora;M;2004-07-14;525bf8@gmail.com;01046462946;wcfndx Univ;D;N;3
302;Lona;F;1973-07-03;pcta8j@gmail.com;01089291224;qzhygw Univ;S;N;3
303;Miriam;M;2018-07-22;vv5rq1@gmail.com;01054204493;yuvbgd Univ;D;N;4
304;Zora;F;1992-05-16;7ol93d@gmail.com;01060306590;gdssht Univ;N;N;0
305;Linda;F;1986-09-05;gtr4se@gmail.com;01099112513;fzncfk Univ;S;Y;5
306;Octavia;F;1973-11-25;xoa3x0@gmail.com;01026200247;bejzrn Univ;D;N;5
307;Sudie;F;1976-12-25;d6lwu8@gmail.com;01019414110;ljptch Univ;N;N;4
308;Zula;M;2010-08-06;xyuhqw@gmail.com;01040004159;lextjn Univ;D;N;0
309;Adella;F;2000-10-14;vb5fwy@gmail.com;01058223812;ytibrp Univ;D;N;2
310;Alpha;F;2007-08-15;l5v5ab@gmail.com;01093929018;axneof Univ;N;Y;3
311;Frieda;M;2006-04-14;xtuwky@gmail.com;01010422889;ykeyei Univ;D;N;0
312;George;M;1972-03-23;leqnu8@gmail.com;01029709637;iztyxk Univ;D;N;2
313;Joanna;F;1979-01-05;oz3zlo@gmail.com;01013233778;jvieqv Univ;S;N;5
314;Leonora;M;1995-05-15;zoow9m@gmail.com;01082238476;pwigxy Univ;D;N;2
315;Priscilla;M;2007-03-23;i9x4jy@gmail.com;01062108518;vesgig Univ;S;Y;3
316;Tennie;F;2011-11-08;4ugjjk@gmail.com;01058488538;rmyplu Univ;D;N;3
317;Angeline;F;1969-02-02;38b6oa@gmail.com;01046236784;qcwldc Univ;D;Y;0
318;Docia;M;2002-09-19;23xcu8@gmail.com;01091715384;lurzno Univ;D;Y;3
319;Ettie;M;1999-06-25;7cgsvq@gmail.com;01061977611;zxgbji Univ;D;N;1
320;Flossie;M;1987-12-23;lez52o@gmail.com;01035560478;ameeyz Univ;S;Y;1
321;Hanna;F;2019-06-27;3vrbwu@gmail.com;01092234206;gecbki Univ;N;N;2
322;Letha;M;1978-05-14;y05y1z@gmail.com;01035930361;fmgmue Univ;N;N;0
323;Minta;M;1987-09-30;qg7zip@gmail.com;01043026426;kdquyh Univ;S;Y;4
324;Retta;F;1969-05-27;suyioc@gmail.com;01057308102;axnccv Univ;D;N;1
325;Rosella;F;1990-04-12;sv3ssv@gmail.com;01064777508;ncgixw Univ;D;N;5
326;Adah;M;1975-10-02;eu31ab@gmail.com;01052396494;juuytn Univ;S;N;4
327;Berta;M;1976-01-05;whh60p@gmail.com;01050475593;jofzeo Univ;N;N;1
328;Elisabeth;M;2001-03-04;6wbeoj@gmail.com;01084086668;iaajnj Univ;D;Y;0
329;Elise;F;1961-06-18;8w6ul6@gmail.com;01079305838;lmojhb Univ;S;Y;5
330;Goldie;F;1963-07-02;h8pl8o@gmail.com;01062453540;erdznf Univ;N;N;3
331;Leola;M;2019-09-10;v13u7p@gmail.com;01077048073;dftdui Univ;N;N;5
332;Margret;F;1980-12-30;z202jg@gmail.com;01051617848;kkukxe Univ;S;Y;4
333;Adaline;F;1991-05-15;eca99g@gmail.com;01057072414;sgiksb Univ;N;Y;2
334;Floy;M;1990-11-26;dfxz5a@gmail.com;01040190029;kmqbns Univ;D;Y;1
335;Idella;F;1961-11-29;zqxrkp@gmail.com;01068521879;broqgk Univ;N;Y;5
336;Juanita;F;1992-08-25;okctqz@gmail.com;01044205606;elkbkc Univ;D;Y;0
337;Lenna;M;2018-07-28;nlxxrz@gmail.com;01058647991;rjsnxr Univ;S;Y;0
338;Lucie;M;1972-04-11;jxhk9m@gmail.com;01043121639;ovsjhx Univ;N;Y;1
339;Missouri;M;2017-12-14;dgnys7@gmail.com;01030193359;evvgus Univ;S;N;4
340;Nola;F;2002-07-12;3lq6u9@gmail.com;01058221298;mbuvzx Univ;D;Y;5
341;Zoe;M;2015-06-09;zk1b2i@gmail.com;01027632993;zdcmql Univ;D;Y;0
342;Eda;M;2013-11-15;9mkcco@gmail.com;01051375291;rsxiwm Univ;S;Y;1
343;Isabell;M;1971-08-25;wbgaug@gmail.com;01023345764;xfanwl Univ;D;Y;2
344;James;M;1994-11-24;9g76lh@gmail.com;01070878141;qdewty Univ;N;N;3
345;Julie;F;1998-06-01;8n11lf@gmail.com;01095528270;yazsge Univ;D;N;0
346;Letitia;F;1989-08-20;fyo4vx@gmail.com;01014451001;zedhpc Univ;S;Y;2
347;Madeline;F;1992-10-30;synqoo@gmail.com;01052278319;hzyqhp Univ;D;N;4
348;Malissa;F;2010-08-20;b79kpa@gmail.com;01088918628;hsudoi Univ;S;Y;4
349;Mariah;M;1988-08-08;evkr71@gmail.com;01060585962;zrapyu Univ;S;N;2
350;Pattie;F;1982-04-30;wwvkog@gmail.com;01090904578;ugnwvp Univ;N;Y;0
351;Vivian;M;2013-05-09;4xibc7@gmail.com;01098196534;vjucxq Univ;S;Y;1
352;Almeda;M;2009-01-20;wuacu9@gmail.com;01046183050;xpwmlf Univ;S;Y;4
353;Aurelia;F;2010-07-19;t4o3dz@gmail.com;01042770085;fbnerl Univ;S;Y;5
354;Claire;M;2006-03-19;u9haci@gmail.com;01020759611;bjtvbu Univ;N;Y;1
355;Dolly;F;1970-06-06;rdxve9@gmail.com;01011910982;ceznze Univ;S;N;2
356;Hazel;F;1985-12-13;7uebhy@gmail.com;01080354938;nhonka Univ;D;N;0
357;Jannie;M;2016-10-26;n2j77g@gmail.com;01096485800;eagstf Univ;S;Y;0
358;Kathleen;F;1995-04-26;lgqate@gmail.com;01067220122;bgtkgy Univ;D;Y;4
359;Kathrine;F;1981-11-26;d7b87u@gmail.com;01012763443;flknqr Univ;N;Y;5
360;Lavinia;F;2017-06-10;sdfczo@gmail.com;01021052577;nvngij Univ;S;Y;1
361;Marietta;F;1995-01-19;5odvco@gmail.com;01014389720;ggenvn Univ;S;Y;0
362;Melvina;M;1970-01-14;rzywz8@gmail.com;01045638647;uskslm Univ;S;N;3
363;Ona;F;1985-12-19;uq8gs4@gmail.com;01037119978;ugsctv Univ;D;Y;3
364;Pinkie;M;2011-01-04;s9b5wl@gmail.com;01094931097;dacolk Univ;D;N;1
365;Samantha;F;1977-03-08;ug2pb0@gmail.com;01064724040;lanjid Univ;S;N;5
366;Susanna;F;2002-09-11;3g3dzg@gmail.com;01027493120;jqnrry Univ;D;Y;3
367;Chloe;M;2016-06-24;e7umm8@gmail.com;01015734622;hjjxix Univ;S;N;3
368;Donnie;F;1964-12-20;y7en4h@gmail.com;01043067535;jbsrts Univ;D;N;0
369;Elsa;F;1982-08-20;p3ksv3@gmail.com;01080206855;bhvehg Univ;N;Y;4
370;Gladys;F;2016-12-01;0ggcpb@gmail.com;01086215166;lwqtsx Univ;D;Y;3
371;Matie;F;1995-09-21;zt65ia@gmail.com;01049555358;jtqyej Univ;N;Y;5
372;Pearle;M;2012-03-25;mgqgj2@gmail.com;01046499051;hycjyf Univ;D;N;4
373;Vesta;F;2011-12-06;i7xp4d@gmail.com;01087594805;lgawhc Univ;N;Y;0
374;Vinnie;F;1967-05-26;j4rs6a@gmail.com;01013402972;qygesk Univ;S;N;0
375;Antoinette;F;1996-04-23;2qg8rh@gmail.com;01030085447;syjfuh Univ;N;Y;5
376;Clementine;F;1963-07-31;6s5cfd@gmail.com;01052375662;asfomj Univ;S;Y;2
377;Edythe;F;2010-11-11;s7hw3t@gmail.com;01019547357;vpoxgi Univ;D;Y;4
378;Harriette;F;2012-04-25;906fl2@gmail.com;01031588667;rodmys Univ;N;N;0
379;Libbie;M;1994-10-14;sozfkl@gmail.com;01072325945;caoozf Univ;S;N;5
380;Lilian;F;1965-09-06;opr13n@gmail.com;01043817152;dtwxfw Univ;N;Y;3
381;Lue;F;2010-02-25;z1hm1d@gmail.com;01042340719;memymg Univ;S;N;5
382;Lutie;F;2009-03-14;dkb11j@gmail.com;01082164884;lelfdu Univ;S;N;1
383;Magdalena;M;1980-10-20;sk5399@gmail.com;01027412418;inbzyd Univ;D;Y;0
384;Meda;M;1976-09-10;tyofk1@gmail.com;01075049786;lchyyx Univ;D;N;4
385;Rita;F;1971-06-07;qidb30@gmail.com;01056370250;pnkxfn Univ;D;N;0
386;Tena;M;1960-03-02;6qjgfx@gmail.com;01088989831;iwsock Univ;D;N;5
387;Zelma;F;1982-03-19;q0816k@gmail.com;01099884171;gvclxa Univ;N;Y;0
388;Adelia;F;2007-01-04;208gpp@gmail.com;01037248455;fmsuxr Univ;S;Y;2
389;Annetta;F;1976-02-04;cjip43@gmail.com;01022588542;hqqxnz Univ;N;N;0
390;Antonia;M;1992-08-29;n0tkf9@gmail.com;01046217747;ahyxxr Univ;D;N;5
391;Dona;F;2008-12-11;n78t5r@gmail.com;01092716033;nqjaow Univ;N;Y;5
392;Elizebeth;M;1987-09-09;jjthsp@gmail.com;01051172203;zytoyk Univ;S;N;5
393;Georgianna;M;2011-04-06;xm1smk@gmail.com;01054633139;soiwdl Univ;D;N;3
394;Gracie;F;2001-10-13;7rf00r@gmail.com;01031280408;okuvje Univ;D;Y;4
395;Iona;F;1982-06-18;hylq3u@gmail.com;01071293626;ivuyub Univ;D;N;1
396;Lessie;F;1996-03-13;28v6va@gmail.com;01071826534;hfgdam Univ;S;Y;5
397;Leta;M;1961-10-26;oxj7i9@gmail.com;01016193014;xtstkm Univ;N;N;5
398;Liza;F;1978-02-28;6ti58g@gmail.com;01093158141;azgdvd Univ;D;N;5
399;Mertie;M;2018-02-20;ynxj1l@gmail.com;01077264493;vknnmw Univ;S;Y;0
400;Molly;M;1968-02-04;tipkvc@gmail.com;01076670242;jhbdra Univ;D;Y;3
401;Neva;M;2006-10-29;ghplyz@gmail.com;01011943740;mxysns Univ;N;Y;4
402;Oma;F;2008-02-16;dgp345@gmail.com;01061299381;camntq Univ;N;N;1
403;Alida;F;1982-06-13;uw606b@gmail.com;01076224294;ayqybp Univ;D;Y;1
404;Alva;F;1992-07-08;gs463f@gmail.com;01075507873;kgessn Univ;S;N;5
405;Cecile;F;1999-07-17;lql8on@gmail.com;01076010298;tbouzg Univ;D;Y;3
406;Cleo;M;1964-05-31;fiak9u@gmail.com;01058230384;rbnagr Univ;S;N;1
407;Donna;M;1996-09-13;5gljy9@gmail.com;01041996306;eyywzf Univ;S;N;1
408;Ellie;M;2015-05-13;0i73ou@gmail.com;01031494232;zpqlbt Univ;D;Y;1
409;Ernestine;F;2002-08-08;3gtl4f@gmail.com;01080837817;cbllzw Univ;D;Y;3
410;Evie;M;1987-08-19;je2jww@gmail.com;01070301274;chehlc Univ;D;Y;5
411;Frankie;M;2008-01-09;o9irt6@gmail.com;01066192207;duhuie Univ;D;N;0
412;Helene;F;1978-09-10;0ex955@gmail.com;01066932443;srcuni Univ;S;Y;0
413;Minna;F;1998-01-25;egsco6@gmail.com;01091905947;refmzm Univ;D;Y;3
414;Myrta;M;1993-10-06;boscu7@gmail.com;01020545472;wfhchh Univ;N;Y;1
415;Prudence;F;1986-04-18;av96ep@gmail.com;01068514943;iipdlg Univ;N;N;3
416;Queen;F;1976-08-26;souxc1@gmail.com;01027886972;yjnjbk Univ;S;N;5
417;Rilla;M;2015-05-16;qk9ae3@gmail.com;01029427916;mmqkpz Univ;N;N;2
418;Savannah;F;2010-09-06;dp924x@gmail.com;01061999716;bgbbts Univ;S;Y;0
419;Tessie;F;1975-04-20;h1mki5@gmail.com;01070457557;tauusr Univ;S;Y;4
420;Tina;F;1996-12-17;oy3nyk@gmail.com;01011792317;rowwxg Univ;S;N;4
421;Agatha;M;1977-12-25;8fc2w3@gmail.com;01011061549;kagdin Univ;D;Y;0
422;America;F;1997-08-30;1dcivr@gmail.com;01018210984;rddtas Univ;S;N;2
423;Anita;M;2011-06-26;o5cqwy@gmail.com;01088580836;opogqk Univ;D;N;1
424;Arminta;F;2012-07-29;47ad1z@gmail.com;01030446703;fofxwf Univ;D;Y;5
425;Dorothea;F;1976-07-18;nij70b@gmail.com;01034988994;skento Univ;D;N;1
426;Ira;F;1977-03-10;p6gkjq@gmail.com;01096512364;xwizrg Univ;D;N;4
427;Luvenia;F;1990-01-08;x9z3js@gmail.com;01016503095;sbgztm Univ;S;N;5
428;Marjorie;F;1963-07-17;1a0z8w@gmail.com;01026851657;knmfhi Univ;D;Y;5
429;Maybelle;F;1972-09-16;tqrz25@gmail.com;01078296422;cdajwu Univ;D;Y;0
430;Mellie;M;2018-03-07;xf76nv@gmail.com;01077487878;lihaip Univ;N;N;0
431;Nan;M;1975-06-19;jfjhi9@gmail.com;01050513239;maldcp Univ;S;Y;0
432;Pearlie;F;1982-09-03;gw34lh@gmail.com;01056568031;ytfqse Univ;N;N;4
433;Sidney;M;1980-09-10;0dxupd@gmail.com;01098386725;rlriab Univ;D;Y;1
434;Velma;F;1966-10-06;19idtc@gmail.com;01098795556;erymwz Univ;S;N;2
435;Clare;M;2013-01-17;kxfnvv@gmail.com;01097330315;veqkxa Univ;N;N;0
436;Constance;M;1968-05-25;67ge94@gmail.com;01093487368;fuxitt Univ;D;Y;4
437;Dixie;F;1975-11-11;nr9u7v@gmail.com;01073107002;unxurs Univ;D;N;1
438;Ila;M;2012-09-07;jq3igf@gmail.com;01052165054;qrtwgp Univ;S;N;2
439;Iola;M;1964-10-18;dwvnej@gmail.com;01037062910;ieylzb Univ;D;Y;3
440;Jimmie;M;1984-10-15;qx28uq@gmail.com;01077524446;oauobu Univ;S;Y;3
441;Louvenia;F;1999-12-18;74q7sj@gmail.com;01061878320;glapww Univ;N;Y;4
442;Lucia;F;2016-04-08;kzvl6z@gmail.com;01075924023;ruvxvd Univ;D;Y;1
443;Ludie;M;2008-08-13;pzup9b@gmail.com;01060662274;khckke Univ;N;Y;1
444;Luna;M;1997-07-01;wrcftr@gmail.com;01072309773;shhkqs Univ;N;Y;5
445;Metta;M;1971-06-15;fya1ce@gmail.com;01025717192;vyyjke Univ;D;Y;4
446;Patsy;F;1992-05-01;mepelo@gmail.com;01055061757;zxjyje Univ;S;Y;0
447;Phebe;F;1997-10-11;my1rv4@gmail.com;01064774722;adapcq Univ;D;N;0
448;Sophronia;M;1998-01-11;9eqwss@gmail.com;01081772530;nxbtxb Univ;S;N;5
449;Adda;M;1963-12-29;siffms@gmail.com;01074896895;edxznd Univ;D;N;4
450;Avis;M;1967-08-01;6cxpt3@gmail.com;01085552616;ngwxmx Univ;D;N;2
451;Betsy;M;1992-06-26;qk3tsp@gmail.com;01049753065;fxpkbg Univ;D;Y;3
452;Bonnie;M;1995-07-01;cdictb@gmail.com;01046114668;rztieb Univ;N;N;0
453;Cecil;F;1990-03-23;u0i4jx@gmail.com;01061263860;hqwcpy Univ;N;N;1
454;Cordie;M;1960-01-29;hmz8qy@gmail.com;01073645748;iauria Univ;D;N;0
455;Emmaline;M;2002-05-17;o3pn8f@gmail.com;01088596732;thdcwh Univ;S;N;4
456;Ethelyn;M;2007-11-13;1cj6uc@gmail.com;01092885585;nzakok Univ;S;Y;3
457;Hortense;M;1961-10-29;dqgpw2@gmail.com;01034001796;darati Univ;N;N;3
458;June;M;1962-01-07;pj4y84@gmail.com;01053494091;eerlxi Univ;S;N;3
459;Louie;M;1993-07-01;too8sl@gmail.com;01071143766;iojmrh Univ;D;Y;4
460;Lovie;F;1972-08-06;1bwfmm@gmail.com;01017062838;hxfznc Univ;N;N;2
461;Marcella;F;1987-02-20;dla2g8@gmail.com;01071917517;otidon Univ;S;N;5
462;Melinda;F;1989-09-29;mayxy7@gmail.com;01010712245;kfqktc Univ;D;Y;4
463;Mona;F;2019-05-13;8bma86@gmail.com;01023762128;wibquq Univ;D;N;2
464;Odessa;F;1963-08-14;hvb5qg@gmail.com;01011799802;otdzvn Univ;N;N;3
465;Veronica;M;1969-12-03;a9qj7y@gmail.com;01062068907;nztuwq Univ;D;Y;4
466;Aimee;F;1968-09-13;8cow1i@gmail.com;01027850055;fwzwzt Univ;N;Y;5
467;Annabel;M;2010-03-01;7d9s49@gmail.com;01027386775;kyhqgn Univ;S;Y;3
468;Ava;M;1975-06-15;mfznz3@gmail.com;01063529355;fqsxco Univ;S;N;4
469;Bella;F;1960-09-04;ls9yuq@gmail.com;01030876535;kctreh Univ;N;N;2
470;Carolina;M;2018-02-10;v0mff0@gmail.com;01094518592;vbbjjc Univ;D;N;3
471;Cathrine;F;1972-05-18;2wke4o@gmail.com;01025970388;wvmpti Univ;S;Y;0
472;Christena;F;1977-08-29;nkjuvu@gmail.com;01022332227;smxfbw Univ;S;Y;5
473;Clyde;M;1960-12-20;lbva5c@gmail.com;01015235142;xfnojv Univ;D;Y;4
474;Dena;F;1973-07-10;ig9ocp@gmail.com;01028346793;mvhcwv Univ;N;N;4
475;Dolores;M;1960-02-12;i5fh5f@gmail.com;01034141524;gtayyz Univ;N;Y;2
476;Eleanore;F;1993-04-05;hzlxyc@gmail.com;01075536808;dztfyu Univ;D;N;2
477;Elmira;F;2001-02-16;2pyl7n@gmail.com;01066344467;hxvwoz Univ;S;Y;2
478;Fay;M;1969-05-27;n90fff@gmail.com;01094889506;abuqbz Univ;N;N;0
479;Frank;M;1979-10-08;du8o6b@gmail.com;01079605898;jwcwoq Univ;D;N;0
480;Jenny;F;1978-10-25;o7eeu0@gmail.com;01053366354;jyapbv Univ;D;Y;0
481;Kizzie;M;1986-06-14;vs47py@gmail.com;01021296727;yswlcn Univ;D;Y;4
482;Lonnie;M;1964-10-25;fll40g@gmail.com;01050199092;ymefss Univ;D;N;1
483;Loula;F;2007-02-26;e7y6g5@gmail.com;01053005350;mvvkip Univ;N;Y;3
484;Magdalene;F;2006-03-31;dle9nu@gmail.com;01066184983;lwczfg Univ;N;Y;5
485;Mettie;M;1960-10-28;y7e11c@gmail.com;01061440293;yqxuht Univ;D;Y;4
486;Mintie;F;1990-04-29;cf1dr7@gmail.com;01066601147;cbamrw Univ;N;N;3
487;Peggy;M;1974-09-07;k6c4r5@gmail.com;01014702063;lbruqo Univ;N;Y;3
488;Reba;M;1960-10-27;nopm3d@gmail.com;01087562015;jovuzv Univ;D;Y;3
489;Serena;M;1987-11-06;41cmld@gmail.com;01042971796;urcxko Univ;D;Y;5
490;Vida;M;2003-07-24;rkovtc@gmail.com;01053558234;nqrtil Univ;N;N;4
491;Zada;M;1975-10-07;x7o7y8@gmail.com;01042057990;gpjpjr Univ;N;N;1
492;Abigail;F;2013-02-23;cekjp4@gmail.com;01091952939;yfsskd Univ;D;Y;2
493;Celestine;F;1986-02-11;ljsy5g@gmail.com;01088030035;wmaiyj Univ;D;Y;4
494;Celina;F;1962-10-21;c9mia1@gmail.com;01076370760;djlnod Univ;S;Y;2
495;Claudie;F;1960-11-17;4the5v@gmail.com;01030447377;hkrhim Univ;D;N;5
496;Clemmie;M;2018-11-04;x4mxf1@gmail.com;01078160094;jffbqu Univ;N;N;5
497;Connie;F;1981-08-16;5p4zrx@gmail.com;01021745892;wrgsco Univ;N;N;2
498;Daisie;M;2015-11-19;yt49sh@gmail.com;01053193800;fhzqwl Univ;D;Y;1
499;Deborah;F;1986-06-12;fd0doe@gmail.com;01076840035;gdvcnq Univ;D;Y;3
500;Dessa;M;1990-01-29;vgdud0@gmail.com;01057574602;aambsm Univ;N;N;4
501;Easter;F;1996-08-24;id4pwo@gmail.com;01030303697;eojxoo Univ;N;N;1
502;Eddie;M;1966-10-28;kkfis7@gmail.com;01032963465;gfxcmo Univ;N;N;2
503;Emelia;M;1984-01-17;lnb7vg@gmail.com;01089687026;sjzjum Univ;D;Y;4
504;Emmie;M;2010-07-15;8di9gw@gmail.com;01090062058;kybdgy Univ;N;Y;5
505;Imogene;M;1965-01-04;bfd75t@gmail.com;01069308274;umkfmv Univ;D;N;5
506;India;M;2010-02-02;h892rh@gmail.com;01021433668;pqogaj Univ;S;N;2
507;Jeanne;M;2014-11-10;wbk1s3@gmail.com;01050468351;clikqh Univ;S;Y;3
508;Joan;F;1993-12-04;9zi7ib@gmail.com;01019078537;tzzflb Univ;S;Y;4
509;Lenore;M;1973-10-15;ywg2th@gmail.com;01064264068;zrdlln Univ;D;Y;5
510;Liddie;F;1979-01-02;m3omvf@gmail.com;01038223079;tnehvd Univ;S;N;3
511;Lotta;M;1971-01-22;ryht7z@gmail.com;01089016088;lfclrz Univ;D;Y;0
512;Mame;M;1981-12-20;5a0t75@gmail.com;01089062727;wqddes Univ;S;Y;1
513;Nevada;F;1972-09-11;yz4s4c@gmail.com;01084587991;yyhdsx Univ;D;N;4
514;Rachael;M;1988-09-23;zbvmpd@gmail.com;01058624386;hbnbru Univ;N;N;2
515;Sina;M;1974-05-24;gcusa2@gmail.com;01023339455;vlauvv Univ;N;Y;2
516;Willa;M;1984-11-11;vr9c22@gmail.com;01059328016;ysoibf Univ;N;Y;0
517;Aline;M;1968-09-27;2o15ok@gmail.com;01061923677;ajzjyn Univ;S;N;2
518;Beryl;M;2019-03-24;cx64ji@gmail.com;01016139977;qsorco Univ;D;Y;3
519;Charles;F;2016-11-06;dh7chk@gmail.com;01089900397;ltnwpg Univ;D;N;4
520;Daisey;M;1968-05-10;5usudy@gmail.com;01059527480;ihkrax Univ;N;Y;3
521;Dorcas;F;1978-06-17;3fby5j@gmail.com;01059959711;iqwqki Univ;N;N;3
522;Edmonia;F;2013-03-19;yvzgyp@gmail.com;01088587124;tlfyez Univ;N;N;3
523;Effa;M;1972-04-23;7uwp3x@gmail.com;01015034104;mhsgmh Univ;D;Y;2
524;Eldora;M;1961-11-27;xj721k@gmail.com;01036797105;nwvcxg Univ;N;Y;0
525;Eloise;M;1976-03-14;bxwa5c@gmail.com;01068765026;cyxndf Univ;D;N;4
526;Emmer;M;2016-01-16;31f28w@gmail.com;01032062771;gsrckr Univ;N;N;0
527;Era;F;1966-01-07;h7sxxw@gmail.com;01014042836;wwbynu Univ;N;N;1
528;Gena;F;2002-12-05;ptesap@gmail.com;01066426398;gvdmtc Univ;N;Y;1
529;Henry;M;2005-02-09;qge0ue@gmail.com;01056584851;pxjfpy Univ;S;N;0
530;Iris;F;1991-03-16;vrmaqz@gmail.com;01031758286;ggztic Univ;N;N;2
531;Izora;M;2000-10-08;h9b4e6@gmail.com;01048402170;pbtlna Univ;D;Y;2
532;Lennie;M;1960-02-15;4cqaec@gmail.com;01069660878;bawsmg Univ;D;N;4
533;Lissie;F;1983-10-02;d9h8r3@gmail.com;01081200522;fzpmhf Univ;D;Y;1
534;Mallie;F;2015-12-26;tfuaou@gmail.com;01046319912;cjsega Univ;N;N;4
535;Malvina;F;1972-05-18;gslbld@gmail.com;01096082528;gjoxjj Univ;D;Y;3
536;Mathilde;F;1991-02-14;7om473@gmail.com;01062800810;dztjjz Univ;D;N;3
537;Mazie;M;1980-05-28;o4qn5y@gmail.com;01010032825;ilseaj Univ;D;Y;0
538;Queenie;M;1969-05-04;2lvrtv@gmail.com;01017313395;jrhjdx Univ;D;Y;5
539;Robert;F;1969-05-30;5a6le5@gmail.com;01080044158;gejwze Univ;N;Y;0
540;Rosina;F;2013-09-12;8woly0@gmail.com;01076303347;nhqyrb Univ;S;Y;4
541;Salome;M;2010-12-26;us2occ@gmail.com;01079753587;mgayvf Univ;S;N;4
542;Theodora;M;2005-12-16;akvz5v@gmail.com;01099313711;owwnba Univ;D;Y;3
543;Therese;F;2009-06-06;8p9q0t@gmail.com;01046520815;hqhgru Univ;N;Y;4
544;Vena;F;1994-06-24;hmjsqf@gmail.com;01029305684;vlfjeg Univ;N;N;0
545;Wanda;F;2000-04-27;vq6bt0@gmail.com;01011893172;eyicik Univ;S;Y;1
546;Wilda;F;1972-03-15;l9ju83@gmail.com;01069604846;byuxzm Univ;S;Y;3
547;Altha;M;1998-11-06;ah9kou@gmail.com;01051413107;qbfgyv Univ;D;Y;1
548;Anastasia;M;2014-08-29;fscfmd@gmail.com;01082951260;ypvshj Univ;D;Y;3
549;Besse;F;1996-01-25;q8yqk6@gmail.com;01091705786;txvmtj Univ;S;Y;2
550;Bird;F;1968-08-14;k7c2dj@gmail.com;01064153842;jazuhg Univ;N;N;5
551;Birtie;M;1984-07-03;kdyyxn@gmail.com;01070354667;xoohsn Univ;D;N;2
552;Clarissa;M;2007-12-01;q3sx5l@gmail.com;01075707362;zgrwxa Univ;N;N;3
553;Claude;F;1990-07-13;07yzt6@gmail.com;01071002294;ttggwc Univ;D;N;0
554;Delilah;F;1968-04-16;h4kot0@gmail.com;01041209196;xekhat Univ;D;Y;2
555;Diana;M;1964-09-21;qox7ts@gmail.com;01060863776;acqbgq Univ;N;Y;5
556;Emelie;F;1993-08-11;ruv4an@gmail.com;01032179430;ktccfm Univ;D;Y;0
557;Erna;F;1995-03-31;mjtxls@gmail.com;01082156689;zdmwdf Univ;N;N;5
558;Fern;M;2007-10-26;ampwc0@gmail.com;01012251472;nuzpfg Univ;N;Y;2
559;Florida;F;1997-04-20;izhihu@gmail.com;01053901037;alexrt Univ;N;Y;1
560;Frona;F;2018-02-06;k1yo38@gmail.com;01057503292;cpujzw Univ;S;Y;0
561;Hilma;F;2004-02-25;wnycyk@gmail.com;01052707611;bfqjzh Univ;D;Y;2
562;Joseph;F;1980-05-13;gno3dn@gmail.com;01051777351;rpattm Univ;D;N;3
563;Juliet;F;1961-11-01;i9v4ty@gmail.com;01025248040;ylumkd Univ;D;N;2
564;Leonie;F;1961-03-17;4pejg0@gmail.com;01066948412;wqyvno Univ;S;Y;5
565;Lugenia;M;2003-10-04;9oyec9@gmail.com;01037799392;diiqyu Univ;D;N;2
566;Mammie;M;1962-11-30;8rn72b@gmail.com;01091876413;fgfsji Univ;N;Y;1
567;Manda;F;1995-01-01;s0fpyx@gmail.com;01050188288;clhtnh Univ;D;N;4
568;Manerva;F;2017-10-24;4vd2u1@gmail.com;01033525496;hpzaut Univ;D;Y;4
569;Manie;F;1971-05-12;wevcnt@gmail.com;01054998524;bunhwh Univ;N;Y;2
570;Nella;F;2014-07-20;lwrmum@gmail.com;01084633607;gripnd Univ;S;Y;0
571;Paulina;M;1964-04-25;3sm9zg@gmail.com;01061001459;epvdgv Univ;N;N;4
572;Philomena;M;1979-06-05;v6i13k@gmail.com;01045587470;oawgsa Univ;S;N;0
573;Rae;F;1976-10-03;vinfca@gmail.com;01048322849;oohvme Univ;D;Y;5
574;Selina;F;1997-06-21;f69th4@gmail.com;01022134060;ziszok Univ;N;N;0
575;Sena;M;2007-08-19;b15x10@gmail.com;01097269538;mutfge Univ;D;Y;4
576;Theodosia;F;1985-04-09;p17jcj@gmail.com;01054099878;klskio Univ;D;Y;0
577;Tommie;M;2004-08-19;h7q2il@gmail.com;01090269163;jvjvfl Univ;S;N;2
578;Una;F;1965-10-18;rchit9@gmail.com;01079838595;tkfrys Univ;D;Y;2
579;Vernie;M;2014-02-07;pny1e2@gmail.com;01048103366;dtywml Univ;S;Y;0
580;Adela;F;1962-06-13;ju3ru4@gmail.com;01066218428;ibzxgy Univ;D;N;5
581;Althea;F;1970-10-17;urhgaw@gmail.com;01065657255;xvskxg Univ;N;N;3
582;Amalia;M;1981-06-16;eboedh@gmail.com;01036342095;nqyxex Univ;N;N;2
583;Amber;F;1990-11-16;d0va2g@gmail.com;01054551898;tnfnbg Univ;S;Y;1
584;Angelina;M;1980-10-16;99kwbw@gmail.com;01077124476;pyyfql Univ;S;Y;1
585;Annabelle;M;2007-09-30;kut86g@gmail.com;01036488723;lwdwld Univ;D;Y;0
586;Anner;M;2007-11-25;zxmfxv@gmail.com;01070096665;pymlrn Univ;D;N;2
587;Arie;F;1987-01-05;lxqxhg@gmail.com;01018234912;alkydb Univ;S;Y;4
588;Clarice;F;1970-08-05;3tyaeb@gmail.com;01060372752;rosjcl Univ;D;Y;0
589;Corda;F;1998-10-28;eamd6r@gmail.com;01020534769;mqfkbv Univ;N;N;3
590;Corrie;M;2005-07-18;oqjuq6@gmail.com;01050587132;xqobcq Univ;D;N;2
591;Dell;F;1973-12-23;em0ysv@gmail.com;01041324956;vcaqry Univ;D;Y;0
592;Dellar;M;1981-04-07;ru8k6o@gmail.com;01071016431;pfuyww Univ;N;N;4
593;Donie;M;1960-11-03;v4wy9u@gmail.com;01045598172;rhahzs Univ;S;Y;2
594;Doris;M;1960-07-12;727wnz@gmail.com;01025256271;ryscmy Univ;D;Y;4
595;Elda;M;1998-12-19;a4ar8d@gmail.com;01021665311;ibrqcl Univ;S;Y;2
596;Elinor;F;1984-08-20;356mpj@gmail.com;01073588032;wexaro Univ;N;Y;0
597;Emeline;F;1967-06-10;6uqz97@gmail.com;01048306302;uxvctd Univ;D;Y;3
598;Emilia;F;1986-09-26;ycuefu@gmail.com;01067018234;yovnre Univ;N;N;5
599;Esta;F;1981-05-16;jnfjji@gmail.com;01051298115;copunp Univ;N;Y;4
600;Estell;M;2000-03-10;tprj7j@gmail.com;01066913115;iybmyz Univ;N;Y;4
601;Etha;M;1969-01-13;dddyz4@gmail.com;01084358568;uesyof Univ;N;Y;5
602;Fred;F;1972-08-30;71i7ku@gmail.com;01083302162;xztlcp Univ;S;Y;5
603;Hope;M;1960-01-24;5x4ipu@gmail.com;01036231966;atgxli Univ;S;N;1
604;Indiana;M;1996-02-08;m5ep8i@gmail.com;01097193325;qxmzce Univ;N;Y;1
605;Ione;F;2016-01-27;a5smty@gmail.com;01072798198;zwptbd Univ;N;N;0
606;Jettie;M;1973-03-18;ul8o5o@gmail.com;01026089090;vznokf Univ;N;N;0
607;Johnnie;F;2010-09-03;znma4y@gmail.com;01092424464;xxxffg Univ;N;N;0
608;Josiephine;F;2003-11-08;iypq9g@gmail.com;01028720611;mudmqf Univ;S;N;3
609;Kitty;M;1977-01-12;m5nz4u@gmail.com;01038762134;vsfqjs Univ;S;N;0
610;Lavina;M;1988-05-23;jrxivy@gmail.com;01060257842;onjupi Univ;S;N;5
611;Leda;M;1989-09-12;bj1662@gmail.com;01099473315;uvyoyv Univ;D;N;3
612;Letta;M;1962-04-17;a4csip@gmail.com;01029038875;jfrwri Univ;D;Y;3
613;Mahala;M;1971-02-08;u51l8a@gmail.com;01030382393;jftumq Univ;N;Y;3
614;Marcia;F;1985-08-13;jt13fc@gmail.com;01014509398;uxtxhu Univ;N;Y;0
615;Margarette;M;2014-10-21;hvv4o3@gmail.com;01081350046;ktakfu Univ;N;N;5
616;Maudie;M;2007-07-20;ug52dx@gmail.com;01080198289;skhaia Univ;N;Y;0
617;Maye;M;1965-11-24;726lpv@gmail.com;01012515922;fwozon Univ;S;Y;2
618;Norah;M;2020-10-02;ubjyo9@gmail.com;01019097969;ecvter Univ;N;N;1
619;Oda;F;2005-06-27;8n06bw@gmail.com;01035115818;akfmyt Univ;D;N;3
620;Patty;F;1977-04-11;u5elz3@gmail.com;01057573814;zmxile Univ;S;N;1
